date,portfolio_value,benchmark_value,marked_open_risk_percent,capital_invested_percent
2005-01-03,100000.0,100000.0,0.0,0.0
2005-01-04,100000.0,97844.95,0.0,0.0
2005-01-05,100000.0,97844.51,0.0,0.0
2005-01-06,100000.0,97187.93,0.0,0.0
2005-01-07,100000.0,98904.28,0.0,0.0
2005-01-10,99900.91,99057.44,0.5004,7.02
2005-01-11,99483.05,96667.21,0.0,0.0
2005-01-12,99483.05,97207.36,0.0,0.0
2005-01-13,99483.05,98344.39,0.0,0.0
2005-01-14,99483.05,99273.27,0.0,0.0
2005-01-18,99483.05,100442.9,0.0,0.0
2005-01-19,99483.05,98592.51,0.0,0.0
2005-01-20,99483.05,97995.33,0.0,0.0
2005-01-21,99483.05,97210.75,0.0,0.0
2005-01-24,99483.05,95519.18,0.0,0.0
2005-01-25,99483.05,96022.98,0.0,0.0
2005-01-26,99483.05,97791.98,0.0,0.0
2005-01-27,99483.05,99250.63,0.0,0.0
2005-01-28,99483.05,99780.46,0.0,0.0
2005-01-31,99483.05,101622.43,0.0,0.0
2005-02-01,99519.17,102004.62,0.4997,7.72
2005-02-02,99727.33,105248.36,0.4987,7.91
2005-02-03,99535.56,104666.86,1.0006,15.36
2005-02-04,100072.3,106053.46,0.9952,15.81
2005-02-07,99901.61,104933.09,1.497,43.87
2005-02-08,100206.29,106080.8,1.4925,44.05
2005-02-09,99502.18,103469.68,1.503,43.65
2005-02-10,99745.18,103578.08,1.4994,43.79
2005-02-11,100498.45,105498.88,1.4881,44.21
2005-02-14,100645.63,106735.68,1.486,44.29
2005-02-15,101197.03,108547.7,1.4779,44.59
2005-02-16,101358.31,109271.05,1.4755,44.68
2005-02-17,100827.61,107871.34,1.4833,44.39
2005-02-18,101622.76,109867.08,1.4717,44.83
2005-02-22,101164.99,108512.39,1.4783,44.58
2005-02-23,101203.19,109073.82,0.9841,17.14
2005-02-24,101499.23,109784.34,0.9813,17.38
2005-02-25,101632.44,110157.18,0.98,17.49
2005-02-28,101751.37,110388.73,0.9788,17.59
2005-03-01,101658.28,110218.8,0.9797,17.51
2005-03-02,101319.07,109150.78,0.983,17.23
2005-03-03,100739.17,107387.76,0.9887,16.76
2005-03-04,100881.51,108183.56,0.4943,8.48
2005-03-07,100956.26,108953.59,0.9929,35.93
2005-03-08,100415.02,105729.54,0.9982,35.58
2005-03-09,100044.04,103736.87,0.5035,27.21
2005-03-10,99893.69,103916.19,0.0,0.0
2005-03-11,99893.69,103168.75,0.0,0.0
2005-03-14,99893.69,103736.01,0.0,0.0
2005-03-15,99893.69,103738.49,0.0,0.0
2005-03-16,99893.69,102833.64,0.0,0.0
2005-03-17,99893.69,103747.33,0.0,0.0
2005-03-18,99893.69,103608.44,0.0,0.0
2005-03-21,99893.69,104825.21,0.0,0.0
2005-03-22,99893.69,103241.38,0.0,0.0
2005-03-23,99893.69,103633.93,0.0,0.0
2005-03-24,99893.69,103699.74,0.0,0.0
2005-03-28,99893.69,103758.96,0.0,0.0
2005-03-29,99893.69,102340.48,0.0,0.0
2005-03-30,99893.69,103709.53,0.0,0.0
2005-03-31,99893.69,102425.67,0.0,0.0
2005-04-01,99893.69,101415.77,0.0,0.0
2005-04-04,99893.69,102106.37,0.0,0.0
2005-04-05,99893.69,102731.54,0.0,0.0
2005-04-06,99893.69,103408.44,0.0,0.0
2005-04-07,99893.69,105327.6,0.0,0.0
2005-04-08,99893.69,104651.71,0.0,0.0
2005-04-11,99893.69,103161.59,0.0,0.0
2005-04-12,99893.69,104131.41,0.0,0.0
2005-04-13,99893.69,101646.58,0.0,0.0
2005-04-14,99893.69,98446.29,0.0,0.0
2005-04-15,99893.69,95270.3,0.0,0.0
2005-04-18,99893.69,95571.33,0.0,0.0
2005-04-19,99893.69,97837.86,0.0,0.0
2005-04-20,99893.69,96517.57,0.0,0.0
2005-04-21,99893.69,100010.91,0.0,0.0
2005-04-22,99893.69,99573.01,0.0,0.0
2005-04-25,99893.69,101840.14,0.0,0.0
2005-04-26,99893.69,100429.51,0.0,0.0
2005-04-27,99893.69,99750.12,0.0,0.0
2005-04-28,99893.69,99099.5,0.0,0.0
2005-04-29,99893.69,100051.66,0.0,0.0
2005-05-02,99893.69,100622.5,0.0,0.0
2005-05-03,99893.69,100890.85,0.0,0.0
2005-05-04,99893.69,102665.45,0.0,0.0
2005-05-05,99893.69,102600.21,0.0,0.0
2005-05-06,99893.69,103308.76,0.0,0.0
2005-05-09,99893.69,103513.01,0.0,0.0
2005-05-10,99893.69,102226.2,0.0,0.0
2005-05-11,99893.69,101933.81,0.0,0.0
2005-05-12,99893.69,100895.45,0.0,0.0
2005-05-13,99893.69,103664.77,0.0,0.0
2005-05-16,99999.43,104713.73,0.4995,7.63
2005-05-17,100083.45,105277.48,0.4991,7.7
2005-05-18,100140.44,106791.24,0.4988,7.76
2005-05-19,100139.96,108071.59,0.9961,26.68
2005-05-20,100250.96,108749.25,0.995,26.76
2005-05-23,100538.88,112234.79,0.9922,26.97
2005-05-24,100644.57,112587.68,1.4905,34.5
2005-05-25,100540.43,112719.94,1.4921,34.43
2005-05-26,101052.3,114111.21,1.4845,34.76
2005-05-27,100995.95,114559.05,1.4854,34.72
2005-05-31,100595.75,114615.32,1.4913,34.47
2005-06-01,100935.4,116553.91,1.4863,34.69
2005-06-02,101233.42,117424.79,1.4819,34.88
2005-06-03,100773.91,115088.98,1.4886,34.58
2005-06-06,100614.72,115698.24,1.491,34.48
2005-06-07,100205.96,114317.39,0.9955,27.25
2005-06-08,100113.95,112981.37,0.9964,27.18
2005-06-09,100546.58,115291.93,0.9921,27.5
2005-06-10,100406.09,113232.7,0.9935,27.39
2005-06-13,100652.48,113994.36,0.9911,27.57
2005-06-14,100190.01,112160.65,0.9956,27.24
2005-06-15,100202.57,112555.67,0.9955,27.25
2005-06-16,100293.87,113624.95,0.9946,27.31
2005-06-17,100269.51,114042.95,0.9948,27.3
2005-06-20,100398.89,114586.42,0.9936,27.39
2005-06-21,100487.99,115078.88,0.9927,27.45
2005-06-22,100494.89,115629.94,0.9926,27.46
2005-06-23,100352.03,115753.11,0.994,27.36
2005-06-24,99945.1,114668.98,0.9981,27.06
2005-06-27,99849.15,114683.32,0.5002,8.07
2005-06-28,99773.45,115096.44,1.0008,16.22
2005-06-29,99450.44,113281.04,1.004,15.95
2005-06-30,99467.67,113385.98,1.0038,15.96
2005-07-01,99426.17,113038.57,1.0043,15.93
2005-07-05,99671.37,115122.24,1.0018,16.13
2005-07-06,99778.37,114696.03,1.0007,16.22
2005-07-07,99825.8,115218.64,1.0002,16.26
2005-07-08,99949.25,116562.7,0.999,16.37
2005-07-11,99998.28,116820.28,0.9985,16.41
2005-07-12,99908.33,116762.52,0.9994,16.33
2005-07-13,100104.36,117638.31,1.4956,43.53
2005-07-14,99886.7,118558.92,1.4989,43.41
2005-07-15,99891.96,118897.26,1.9988,51.31
2005-07-18,99527.04,117965.82,2.0061,51.13
2005-07-19,100315.06,120706.96,1.4925,43.64
2005-07-20,100897.12,121743.07,1.9805,73.15
2005-07-21,100732.01,121214.83,1.9838,73.1
2005-07-22,100703.6,120050.76,1.9843,73.09
2005-07-25,100301.4,119277.53,1.9923,72.99
2005-07-26,100419.59,119746.33,1.9899,73.02
2005-07-27,100837.23,120741.46,1.9817,73.13
2005-07-28,101024.85,120686.97,1.978,73.18
2005-07-29,100206.2,118910.63,1.4962,65.3
2005-08-01,100258.39,119721.96,1.4954,65.32
2005-08-02,100831.2,121402.44,1.4869,65.51
2005-08-03,100894.8,121279.66,1.486,65.53
2005-08-04,100281.26,120390.04,1.495,65.32
2005-08-05,100006.02,120394.13,1.4992,65.23
2005-08-08,99670.85,119970.43,1.5042,65.11
2005-08-09,100142.0,120936.79,0.9991,38.16
2005-08-10,99800.68,119539.23,1.0025,37.95
2005-08-11,99890.72,120344.53,0.5,8.47
2005-08-12,100294.6,123435.26,0.498,8.84
2005-08-15,100762.86,124762.03,0.9933,17.25
2005-08-16,100348.8,122988.22,0.9974,16.91
2005-08-17,100521.89,123617.56,0.9957,17.05
2005-08-18,100149.88,121811.66,0.9994,16.74
2005-08-19,100003.35,121373.92,1.0009,16.62
2005-08-22,99946.87,120614.76,1.0014,16.57
2005-08-23,99972.69,121149.44,1.0012,16.59
2005-08-24,99983.79,121182.64,1.0011,16.6
2005-08-25,100093.04,121656.28,1.0,16.69
2005-08-26,99911.19,120966.22,1.0018,16.54
2005-08-29,99943.8,121858.87,1.0015,16.57
2005-08-30,100362.21,122908.56,0.9973,16.92
2005-08-31,100602.91,123990.5,0.9949,17.12
2005-09-01,100484.41,123580.1,0.9961,17.02
2005-09-02,100343.03,123235.23,0.9975,16.9
2005-09-06,100906.07,125472.07,0.9919,17.37
2005-09-07,101142.31,127054.9,0.9896,17.56
2005-09-08,101458.03,128041.99,1.4848,30.81
2005-09-09,102027.09,130016.08,1.4765,31.19
2005-09-12,102424.21,131044.51,1.9681,59.57
2005-09-13,102494.74,131526.82,1.9985,61.19
2005-09-14,101645.16,129263.69,2.0152,60.86
2005-09-15,101818.6,129862.42,2.0117,60.93
2005-09-16,102064.29,130667.17,2.0069,61.02
2005-09-19,102266.53,131301.43,2.0029,61.1
2005-09-20,102494.25,132344.41,1.4698,32.11
2005-09-21,102387.13,131402.25,1.4713,32.04
2005-09-22,102085.16,130604.8,1.4757,31.84
2005-09-23,102638.94,132290.99,1.4677,32.21
2005-09-26,102786.0,132846.26,1.4656,32.3
2005-09-27,102723.31,132602.68,1.4665,32.26
2005-09-28,101968.44,130522.45,1.4774,31.76
2005-09-29,102556.84,132689.06,1.4689,32.15
2005-09-30,103186.67,134615.84,1.4599,32.57
2005-10-03,103696.7,136134.18,1.4527,32.9
2005-10-04,103098.16,134189.16,1.4612,32.51
2005-10-05,102591.19,132034.26,1.4684,32.17
2005-10-06,102442.48,131121.48,1.4705,32.08
2005-10-07,102261.31,130641.4,1.4731,31.96
2005-10-10,101753.41,128836.05,1.4805,31.62
2005-10-11,101720.01,128694.47,0.497,13.43
2005-10-12,101490.99,126649.21,0.4981,13.24
2005-10-13,101516.76,129129.73,0.0,0.0
2005-10-14,101516.76,129513.71,0.0,0.0
2005-10-17,101516.76,130430.75,0.0,0.0
2005-10-18,101516.76,128682.94,0.0,0.0
2005-10-19,101516.76,131424.74,0.0,0.0
2005-10-20,101516.76,131294.11,0.0,0.0
2005-10-21,101380.24,134962.34,0.5006,5.92
2005-10-24,101603.63,137890.82,0.9983,13.34
2005-10-25,101492.13,137345.32,0.9994,13.24
2005-10-26,101774.13,137851.89,0.9967,13.48
2005-10-27,101548.66,135418.8,0.9989,13.29
2005-10-28,101556.06,136581.13,0.9988,13.3
2005-10-31,102190.2,141223.05,0.9926,13.84
2005-11-01,102334.67,141577.45,0.9912,13.96
2005-11-02,102605.4,145251.68,0.9886,14.18
2005-11-03,102930.95,147108.53,1.4933,32.8
2005-11-04,102932.1,146651.97,1.9924,49.38
2005-11-07,102969.75,146442.39,1.9916,49.4
2005-11-08,102826.21,145198.41,1.9944,49.33
2005-11-09,102659.96,145579.49,1.9976,49.25
2005-11-10,103356.64,146721.34,1.9842,49.59
2005-11-11,103494.27,147471.88,1.9815,49.66
2005-11-14,103617.14,148662.28,1.9792,49.72
2005-11-15,103468.47,148672.19,1.982,49.64
2005-11-16,104014.67,150953.87,1.9716,49.91
2005-11-17,104494.35,152975.89,1.9626,50.14
2005-11-18,104563.94,152774.4,1.9613,50.17
2005-11-21,104943.95,154628.25,1.9542,50.35
2005-11-22,105414.79,157312.54,1.9454,50.57
2005-11-23,105768.3,158394.66,1.9389,50.74
2005-11-25,106186.94,160748.34,1.9313,50.93
2005-11-28,105824.32,159955.49,1.9379,50.76
2005-11-29,105113.5,154842.04,1.951,50.43
2005-11-30,104968.96,155204.81,1.9537,50.36
2005-12-01,106098.17,159466.89,1.9329,50.89
2005-12-02,106353.31,160559.83,1.9283,51.01
2005-12-05,105837.0,158100.09,1.9377,50.77
2005-12-06,106146.76,159618.24,1.932,50.91
2005-12-07,105982.14,159410.82,1.935,50.84
2005-12-08,105991.7,159716.18,1.9348,50.84
2005-12-09,106108.83,160299.57,1.9327,50.9
2005-12-12,106328.77,161548.04,1.9287,51.0
2005-12-13,106646.5,162709.94,1.923,51.14
2005-12-14,106372.58,160693.25,1.9279,51.02
2005-12-15,106438.39,160730.24,1.9267,51.05
2005-12-16,106154.92,160698.17,1.9319,50.92
2005-12-19,105682.38,159361.63,1.9405,50.7
2005-12-20,105875.5,160348.26,1.4518,34.34
2005-12-21,105983.12,160955.37,1.4503,34.4
2005-12-22,106266.96,163026.84,1.4464,34.58
2005-12-23,106183.1,162751.43,1.4476,34.53
2005-12-27,105947.8,162485.37,1.4508,34.38
2005-12-28,105934.35,162588.64,0.9686,16.24
2005-12-29,105562.36,159652.69,0.972,15.94
2005-12-30,105493.85,158536.7,0.9726,15.89
2006-01-03,105959.83,164581.74,0.49,7.78
2006-01-04,105988.58,166933.46,0.4899,7.81
2006-01-05,105929.09,168011.8,0.4901,7.75
2006-01-06,106320.4,171768.81,0.986,16.92
2006-01-09,106415.92,172841.0,1.9817,66.57
2006-01-10,107040.33,176208.51,1.9701,66.76
2006-01-11,107680.07,179838.75,1.9584,66.96
2006-01-12,107325.2,178578.99,1.9649,66.85
2006-01-13,107478.35,179306.7,1.9621,66.9
2006-01-17,107174.55,178609.96,1.9677,66.8
2006-01-18,106108.59,174870.25,1.9874,66.47
2006-01-19,105849.08,174103.73,1.9923,66.39
2006-01-20,104388.16,166488.98,0.4974,8.06
2006-01-23,104559.81,170546.07,0.4965,8.21
2006-01-24,104384.97,171347.43,0.4974,8.06
2006-01-25,104184.62,168791.31,0.4983,7.88
2006-01-26,104215.19,169270.22,0.0112,0.2
2006-01-27,104219.22,170212.85,0.0112,0.21
2006-01-30,104216.79,171014.6,0.0112,0.21
2006-01-31,104213.18,171007.62,0.0112,0.2
2006-02-01,104213.32,168153.37,0.0112,0.2
2006-02-02,104206.9,163714.47,0.0112,0.2
2006-02-03,104208.78,162103.1,0.0112,0.2
2006-02-06,104214.58,160628.67,0.0112,0.2
2006-02-07,104207.04,157480.32,0.0112,0.2
2006-02-08,104212.95,159855.7,0.0112,0.2
2006-02-09,104209.39,155521.96,0.0112,0.2
2006-02-10,104208.22,157345.09,0.0112,0.2
2006-02-13,104208.92,153884.46,0.0112,0.2
2006-02-14,104209.29,155999.7,0.0112,0.2
2006-02-15,104213.27,157832.91,0.0112,0.2
2006-02-16,104223.67,163296.89,0.0112,0.21
2006-02-17,104133.0,163349.6,0.5112,26.44
2006-02-21,104060.43,161229.06,0.5116,26.39
2006-02-22,104225.42,162856.24,0.5108,26.5
2006-02-23,104181.81,163679.67,0.511,26.47
2006-02-24,104251.73,163532.39,0.5106,26.52
2006-02-27,104270.99,166326.38,0.5105,26.53
2006-02-28,104008.45,161166.7,0.5118,26.35
2006-03-01,104258.51,163758.66,0.5106,26.53
2006-03-02,104256.72,165303.28,0.5106,26.52
2006-03-03,104130.32,164202.41,0.5112,26.44
2006-03-06,104004.77,161426.93,0.5119,26.35
2006-03-07,103958.44,160724.14,0.5121,26.31
2006-03-08,104014.55,159121.93,0.5118,26.35
2006-03-09,103833.4,156847.01,0.5127,26.23
2006-03-10,104085.99,155345.63,0.5115,26.4
2006-03-13,104139.54,157460.04,0.5112,26.44
2006-03-14,104431.96,161589.54,0.5098,26.65
2006-03-15,104558.62,161187.21,0.5091,26.74
2006-03-16,104607.9,157834.26,0.5089,26.77
2006-03-17,104522.81,158459.23,0.5093,26.71
2006-03-20,104476.56,158566.37,0.5095,26.68
2006-03-21,104313.91,158040.71,0.5103,26.56
2006-03-22,104474.55,156925.43,0.5096,26.68
2006-03-23,104421.62,156810.56,0.5098,26.64
2006-03-24,104450.79,160608.1,0.5097,26.66
2006-03-27,104417.06,161868.34,0.5098,26.64
2006-03-28,104251.3,162580.19,0.5106,26.52
2006-03-29,104436.65,169620.08,0.5097,26.65
2006-03-30,104358.0,169598.65,1.0101,35.48
2006-03-31,104400.47,169499.72,1.0097,35.5
2006-04-03,104375.13,169977.36,1.01,35.49
2006-04-04,104911.83,173039.39,1.0048,35.82
2006-04-05,105096.3,177909.87,1.0031,35.93
2006-04-06,105181.37,180910.88,1.5015,56.42
2006-04-07,104443.58,178934.69,2.014,63.16
2006-04-10,104577.75,178339.01,2.0114,63.2
2006-04-11,103936.16,175652.82,2.0239,62.98
2006-04-12,103789.43,176820.5,1.5251,36.66
2006-04-13,103612.03,174614.78,1.0217,29.97
2006-04-17,103424.7,173930.08,0.5158,9.62
2006-04-18,103356.81,174123.4,0.5162,9.56
2006-04-19,103507.32,174823.9,0.5154,9.69
2006-04-20,103613.93,176405.34,0.5149,9.79
2006-04-21,104129.49,176181.91,0.5123,10.23
2006-04-24,104211.61,177100.84,0.5007,10.05
2006-04-25,103894.47,175880.78,0.5023,9.77
2006-04-26,103866.18,176675.45,0.5024,9.75
2006-04-27,103724.96,177941.75,0.5031,9.63
2006-04-28,103675.27,178336.85,0.5033,9.58
2006-05-01,103222.62,178423.39,0.5055,9.19
2006-05-02,103195.99,179446.28,0.5001,6.06
2006-05-03,103236.52,179308.25,0.4999,6.09
2006-05-04,103195.99,179270.11,0.5001,6.06
2006-05-05,103281.08,180778.45,0.4997,6.14
2006-05-08,103178.07,180582.01,0.9989,33.57
2006-05-09,103041.26,179772.45,1.0002,33.48
2006-05-10,102890.55,177590.9,1.0017,33.38
2006-05-11,102352.68,171947.77,0.5028,27.38
2006-05-12,102144.35,166200.56,0.0,0.0
2006-05-15,102144.35,167134.39,0.0,0.0
2006-05-16,102144.35,163504.03,0.0,0.0
2006-05-17,102144.35,161533.15,0.0,0.0
2006-05-18,102144.35,157712.31,0.0,0.0
2006-05-19,102144.35,159605.19,0.0,0.0
2006-05-22,102144.35,158069.3,0.0,0.0
2006-05-23,102144.35,157587.72,0.0,0.0
2006-05-24,102144.35,159090.92,0.0,0.0
2006-05-25,102144.35,160185.41,0.0,0.0
2006-05-26,102144.35,159789.31,0.0,0.0
2006-05-30,102144.35,154882.49,0.0,0.0
2006-05-31,102144.35,154296.78,0.0,0.0
2006-06-01,102144.35,159583.43,0.0,0.0
2006-06-02,102144.35,158347.93,0.0,0.0
2006-06-05,102144.35,154361.09,0.0,0.0
2006-06-06,102144.35,154616.8,0.0,0.0
2006-06-07,102144.35,152557.08,0.0,0.0
2006-06-08,102144.35,153890.18,0.0,0.0
2006-06-09,102144.35,151953.66,0.0,0.0
2006-06-12,102144.35,147434.2,0.0,0.0
2006-06-13,102144.35,147924.86,0.0,0.0
2006-06-14,102144.35,148593.92,0.0,0.0
2006-06-15,102144.35,154353.22,0.0,0.0
2006-06-16,102144.35,151805.08,0.0,0.0
2006-06-19,102144.35,149902.5,0.0,0.0
2006-06-20,102144.35,149512.79,0.0,0.0
2006-06-21,102144.35,152082.15,0.0,0.0
2006-06-22,102088.03,151579.77,0.5001,9.88
2006-06-23,102211.88,151583.61,0.4995,9.99
2006-06-26,102195.74,151441.33,0.4995,9.98
2006-06-27,102147.81,148638.21,0.4998,9.94
2006-06-28,102243.42,150234.51,0.4993,10.02
2006-06-29,102538.55,155832.13,0.4979,10.28
2006-06-30,102576.89,154473.81,0.4977,10.31
2006-07-03,102674.52,156014.22,0.4972,10.4
2006-07-05,102630.62,153044.88,0.4974,10.36
2006-07-06,102674.26,151393.86,0.4972,10.4
2006-07-07,102605.15,149487.22,0.4976,10.34
2006-07-10,102548.39,147460.31,0.4978,10.29
2006-07-11,102708.82,149785.29,0.4971,10.43
2006-07-12,102524.42,145217.66,0.4979,10.27
2006-07-13,102312.03,142486.18,0.499,10.08
2006-07-14,102177.58,140541.92,0.4996,9.96
2006-07-17,102190.78,142302.56,0.0,0.0
2006-07-18,102190.78,143971.0,0.0,0.0
2006-07-19,102190.78,146244.8,0.0,0.0
2006-07-20,102190.78,148039.57,0.0,0.0
2006-07-21,102190.78,145692.16,0.0,0.0
2006-07-24,102190.78,149984.17,0.0,0.0
2006-07-25,102190.78,151506.2,0.0,0.0
2006-07-26,102190.78,152364.52,0.0,0.0
2006-07-27,102190.78,152112.07,0.0,0.0
2006-07-28,102190.78,158269.7,0.0,0.0
2006-07-31,102190.78,158691.89,0.0,0.0
2006-08-01,102190.78,155176.37,0.0,0.0
2006-08-02,102190.78,158094.37,0.0,0.0
2006-08-03,102190.78,162418.96,0.0,0.0
2006-08-04,102190.78,160769.28,0.0,0.0
2006-08-07,102190.78,159838.59,0.0,0.0
2006-08-08,102190.78,159474.51,0.0,0.0
2006-08-09,102190.78,158258.67,0.0,0.0
2006-08-10,102190.78,158199.84,0.0,0.0
2006-08-11,102190.78,155891.26,0.0,0.0
2006-08-14,102190.78,156100.88,0.0,0.0
2006-08-15,102190.78,163349.19,0.0,0.0
2006-08-16,102190.78,168714.99,0.0,0.0
2006-08-17,102190.78,167675.47,0.0,0.0
2006-08-18,102190.78,168523.43,0.0,0.0
2006-08-21,102190.78,165078.59,0.0,0.0
2006-08-22,102190.78,165781.71,0.0,0.0
2006-08-23,102190.78,164865.71,0.0,0.0
2006-08-24,102190.78,165706.74,0.0,0.0
2006-08-25,102190.78,166180.72,0.0,0.0
2006-08-28,102190.78,167614.41,0.0,0.0
2006-08-29,102190.78,169290.29,0.0,0.0
2006-08-30,102190.78,170876.5,0.0,0.0
2006-08-31,102190.78,171009.81,0.0,0.0
2006-09-01,102190.78,169518.07,0.0,0.0
2006-09-05,102190.78,173314.38,0.0,0.0
2006-09-06,102190.78,168963.0,0.0,0.0
2006-09-07,102190.78,171276.02,0.0,0.0
2006-09-08,102190.78,171366.56,0.0,0.0
2006-09-11,102190.78,172842.08,0.0,0.0
2006-09-12,102190.78,175527.53,0.0,0.0
2006-09-13,102190.78,178582.11,0.0,0.0
2006-09-14,102209.49,178142.97,0.499,33.64
2006-09-15,102139.3,179663.64,0.4994,33.59
2006-09-18,102393.64,181940.32,0.9968,39.8
2006-09-19,102141.06,179242.4,0.9993,39.65
2006-09-20,102550.31,181771.29,0.9953,39.89
2006-09-21,102331.78,181700.49,0.9974,39.76
2006-09-22,102038.06,178587.61,1.0003,39.59
2006-09-25,102523.74,182682.88,0.9956,39.88
2006-09-26,102674.22,183325.01,0.9941,39.96
2006-09-27,102572.98,182025.49,1.4955,50.58
2006-09-28,102526.15,181550.27,1.4962,50.56
2006-09-29,102497.48,181290.13,1.4966,50.54
2006-10-02,101910.76,178291.25,1.5053,50.26
2006-10-03,101674.76,177271.4,1.0039,39.91
2006-10-04,102079.83,184719.88,0.4996,34.36
2006-10-05,102147.43,182640.14,0.4993,34.41
2006-10-06,102103.23,184276.53,0.4995,34.38
2006-10-09,102124.03,188834.26,0.4994,34.39
2006-10-10,102043.47,186877.25,1.0002,40.85
2006-10-11,102038.31,186734.12,1.0002,40.85
2006-10-12,102368.82,188859.0,0.997,41.04
2006-10-13,102720.99,191056.45,0.9936,41.24
2006-10-16,102763.44,190702.41,0.9932,41.26
2006-10-17,102390.48,187393.6,0.9968,41.05
2006-10-18,102263.17,185883.91,0.998,40.98
2006-10-19,102441.84,190473.65,0.9963,41.08
2006-10-20,102483.47,193824.39,1.4957,50.84
2006-10-23,103191.03,196827.74,1.9815,61.15
2006-10-24,103266.15,197313.64,1.98,61.18
2006-10-25,103823.93,199756.92,1.9694,61.39
2006-10-26,104177.31,201964.38,1.9627,61.52
2006-10-27,103189.64,196932.5,2.0189,62.68
2006-10-30,103284.29,197855.65,2.0171,62.72
2006-10-31,103787.23,201864.65,2.0073,62.9
2006-11-01,102539.49,194762.55,2.0317,62.45
2006-11-02,102506.47,194520.38,2.0324,62.43
2006-11-03,102513.54,195260.76,1.9946,60.93
2006-11-06,103297.17,198910.62,1.4836,51.6
2006-11-07,103440.89,200084.17,1.4815,51.67
2006-11-08,103674.12,202549.41,1.4782,51.77
2006-11-09,103571.34,203825.93,1.4797,51.73
2006-11-10,103364.63,202446.95,1.9836,61.93
2006-11-13,104091.6,206887.96,1.9697,62.2
2006-11-14,104710.48,209131.2,1.9875,63.46
2006-11-15,104635.07,207930.11,1.9889,63.43
2006-11-16,105113.29,210244.14,1.9798,63.6
2006-11-17,105238.68,210857.17,1.9775,63.64
2006-11-20,105326.35,211515.68,1.9758,63.67
2006-11-21,105844.35,213389.09,1.9662,63.85
2006-11-22,106230.81,215548.04,1.959,63.98
2006-11-24,106236.36,216408.07,1.9589,63.99
2006-11-27,104655.27,209424.11,1.9885,63.44
2006-11-28,105342.55,212612.6,1.9755,63.68
2006-11-29,105725.29,213419.73,1.9684,63.81
2006-11-30,105825.08,214173.08,1.9665,63.85
2006-12-01,105309.05,210858.88,1.9762,63.67
2006-12-04,105958.33,214056.49,1.9641,63.89
2006-12-05,106110.87,213901.27,1.9612,63.94
2006-12-06,105920.31,212974.13,1.9648,63.88
2006-12-07,105077.03,208732.49,1.9805,63.59
2006-12-08,105165.54,209589.51,1.4865,53.08
2006-12-11,105395.64,211065.42,1.4833,53.18
2006-12-12,105237.85,208426.13,1.4855,53.11
2006-12-13,105301.88,210767.92,1.4846,53.14
2006-12-14,105838.25,212302.34,1.4771,53.38
2006-12-15,105728.1,212601.51,1.4786,53.33
2006-12-18,105358.4,210267.86,1.4838,53.17
2006-12-19,105497.07,212280.98,0.9966,43.52
2006-12-20,105383.19,209895.35,0.9977,43.46
2006-12-21,105173.43,207255.55,0.9997,43.34
2006-12-22,104753.78,204852.77,1.0037,43.12
2006-12-26,104710.84,204821.2,0.4876,7.16
2006-12-27,104810.05,206960.75,0.4872,7.25
2006-12-28,104755.38,205396.03,0.4874,7.2
2006-12-29,104708.81,207231.83,0.4876,7.16
2007-01-03,104520.54,205697.37,0.4885,6.99
2007-01-04,104483.31,208595.69,0.0,0.0
2007-01-05,104483.31,204486.91,0.0,0.0
2007-01-08,104483.31,204943.56,0.0,0.0
2007-01-09,104483.31,208592.11,0.0,0.0
2007-01-10,104685.18,214906.05,0.4988,6.55
2007-01-11,104600.41,215275.36,0.4992,6.47
2007-01-12,104664.69,216143.89,1.497,36.15
2007-01-16,104810.07,217680.27,1.4949,36.24
2007-01-17,104335.28,214198.06,1.5017,35.95
2007-01-18,103344.5,204197.91,1.5161,35.33
2007-01-19,103387.96,204441.46,1.5155,35.36
2007-01-22,102824.8,202165.46,0.0,0.0
2007-01-23,102824.8,201331.07,0.0,0.0
2007-01-24,102824.8,206173.46,0.0,0.0
2007-01-25,102383.55,202285.31,0.502,33.76
2007-01-26,102224.23,201956.47,0.0,0.0
2007-01-29,102224.23,199796.57,0.0,0.0
2007-01-30,102224.23,200849.66,0.0,0.0
2007-01-31,102224.23,201867.56,0.0,0.0
2007-02-01,102224.23,200062.38,0.0,0.0
2007-02-02,102195.56,201532.35,0.5001,29.62
2007-02-05,102203.93,200474.12,0.5,29.62
2007-02-06,102212.29,202960.17,0.5,29.63
2007-02-07,102279.17,206557.08,0.4997,29.67
2007-02-08,102239.46,205876.67,0.4998,29.65
2007-02-09,102013.74,199732.93,0.501,29.49
2007-02-12,101911.32,201449.11,0.5015,29.42
2007-02-13,102164.22,202761.08,0.5002,29.59
2007-02-14,102362.77,203583.42,0.4992,29.73
2007-02-15,102402.48,203588.96,0.4991,29.76
2007-02-16,102378.44,202349.62,0.9987,53.9
2007-02-20,102631.25,203954.67,0.9963,54.01
2007-02-21,102696.13,205640.94,0.9956,54.04
2007-02-22,102719.83,206290.29,1.4952,62.92
2007-02-23,102467.83,205184.74,1.4989,62.83
2007-02-26,102262.5,203288.17,1.5019,62.76
2007-02-27,100530.53,195274.43,0.0,0.0
2007-02-28,100530.53,195774.57,0.0,0.0
2007-03-01,100530.53,196386.85,0.0,0.0
2007-03-02,100530.53,192324.95,0.0,0.0
2007-03-05,100530.53,191024.12,0.0,0.0
2007-03-06,100530.53,197472.78,0.0,0.0
2007-03-07,100530.53,195419.0,0.0,0.0
2007-03-08,100530.53,197917.83,0.0,0.0
2007-03-09,100530.53,197185.72,0.0,0.0
2007-03-12,100530.53,198434.48,0.0,0.0
2007-03-13,100530.53,193296.96,0.0,0.0
2007-03-14,100530.53,195046.14,0.0,0.0
2007-03-15,100530.53,194084.84,0.0,0.0
2007-03-16,100530.53,192925.94,0.0,0.0
2007-03-19,100530.53,195266.59,0.0,0.0
2007-03-20,100529.71,195342.92,0.5,10.59
2007-03-21,100807.89,201524.47,0.4986,10.84
2007-03-22,100818.37,203143.3,0.4985,10.85
2007-03-23,100767.15,202231.73,0.4988,10.8
2007-03-26,101038.35,204178.41,0.4974,11.04
2007-03-27,100992.96,202615.37,0.4977,11.0
2007-03-28,100734.56,199662.83,0.4989,10.77
2007-03-29,100793.92,199075.55,0.4986,10.83
2007-03-30,100696.15,198392.85,0.4991,10.74
2007-04-02,100782.29,198903.15,0.4987,10.82
2007-04-03,100881.22,201184.85,0.4982,10.9
2007-04-04,100802.61,200899.56,0.9987,24.13
2007-04-05,100864.22,205318.84,0.9981,24.18
2007-04-09,100461.51,203369.9,2.0038,62.22
2007-04-10,100596.92,203199.21,2.0011,62.27
2007-04-11,100079.36,200703.62,2.0114,62.08
2007-04-12,100343.13,202441.54,2.0061,62.18
2007-04-13,100277.21,201680.0,1.5062,51.62
2007-04-16,100864.03,203385.0,1.4975,51.9
2007-04-17,100918.09,203164.78,1.4967,51.93
2007-04-18,100977.18,204111.73,1.4958,51.95
2007-04-19,100902.04,204393.01,1.4969,51.92
2007-04-20,101509.05,206889.29,1.488,52.21
2007-04-23,101358.05,207219.35,1.4902,52.13
2007-04-24,101412.1,209023.94,1.4894,52.16
2007-04-25,102007.89,211887.75,1.9778,60.83
2007-04-26,102324.06,215253.56,1.9717,60.95
2007-04-27,102145.58,214948.85,2.0034,61.55
2007-04-30,101463.38,213299.86,2.0168,61.29
2007-05-01,101525.55,213493.09,2.0156,61.31
2007-05-02,101720.62,213493.06,1.5161,48.35
2007-05-03,102067.87,215506.87,1.5109,48.52
2007-05-04,102232.55,216079.96,1.5085,48.6
2007-05-07,102082.49,216534.17,1.5107,48.53
2007-05-08,102165.73,217650.67,1.5095,48.57
2007-05-09,102316.49,219414.92,1.5073,48.65
2007-05-10,101677.73,217299.6,1.5167,48.32
2007-05-11,102713.1,223151.48,1.5015,48.84
2007-05-14,102453.07,222243.28,1.5053,48.72
2007-05-15,102224.94,220006.0,1.5086,48.6
2007-05-16,102664.32,222479.16,1.5022,48.82
2007-05-17,102397.33,222498.4,1.5061,48.69
2007-05-18,102920.27,224367.27,1.4984,48.95
2007-05-21,103067.55,225958.81,1.4963,49.02
2007-05-22,103126.36,227786.34,1.4954,49.05
2007-05-23,102792.31,225486.4,1.5003,48.88
2007-05-24,101989.61,221459.31,1.5121,48.48
2007-05-25,102351.2,225351.53,1.5068,48.66
2007-05-29,102709.91,227051.51,1.993,62.19
2007-05-30,103414.54,231512.87,1.9794,62.45
2007-05-31,103615.85,233975.07,1.9756,62.52
2007-06-01,103852.4,233006.09,1.9711,62.61
2007-06-04,104168.27,235912.52,1.9651,62.72
2007-06-05,104694.15,239583.44,1.9552,62.91
2007-06-06,104316.44,240063.75,1.9623,62.77
2007-06-07,103443.59,238534.05,1.9789,62.46
2007-06-08,103864.35,240403.09,1.4875,41.62
2007-06-11,103716.5,237494.11,1.4897,41.54
2007-06-12,103323.85,235905.31,1.4953,41.31
2007-06-13,103743.62,236237.95,1.4893,41.55
2007-06-14,103978.34,238228.98,1.4859,41.68
2007-06-15,104683.93,242791.13,1.4759,42.08
2007-06-18,104987.83,246619.65,1.4716,42.24
2007-06-19,105014.58,246110.31,1.4713,42.26
2007-06-20,104713.28,243834.37,1.4755,42.09
2007-06-21,105833.45,251378.06,1.4599,42.7
2007-06-22,106127.65,252501.83,1.4558,42.86
2007-06-25,105812.05,250153.64,1.4602,42.69
2007-06-26,105250.91,244999.21,1.468,42.39
2007-06-27,105720.32,248587.62,1.4614,42.64
2007-06-28,105772.29,248285.78,1.4607,42.67
2007-06-29,105569.7,247888.58,1.4635,42.56
2007-07-02,106400.01,251514.93,1.4521,43.01
2007-07-03,106679.98,255992.72,1.4483,43.16
2007-07-05,107181.34,261169.56,1.4415,43.43
2007-07-06,107248.05,261255.63,1.4406,43.46
2007-07-09,107669.0,262511.9,1.435,43.68
2007-07-10,107661.66,264041.86,1.4351,43.68
2007-07-11,107769.31,264184.35,1.4336,43.73
2007-07-12,108324.96,267585.57,1.4263,44.02
2007-07-13,108608.78,270346.23,1.9195,65.55
2007-07-16,108830.54,272041.25,1.9156,65.62
2007-07-17,108975.8,272591.35,1.913,65.66
2007-07-18,108526.33,270030.55,1.921,65.52
2007-07-19,108648.8,271219.87,1.9188,65.56
2007-07-20,107399.58,269535.11,1.9411,65.16
2007-07-23,107542.47,269604.31,1.4691,51.6
2007-07-24,106406.49,261329.1,0.9776,29.83
2007-07-25,106394.96,262139.38,0.9777,29.82
2007-07-26,106350.68,267053.14,0.9781,29.79
2007-07-27,105922.68,264906.49,0.982,29.51
2007-07-30,106292.95,266557.83,0.5042,12.18
2007-07-31,106296.58,259509.03,0.5042,12.18
2007-08-01,106218.9,261575.41,0.4774,11.24
2007-08-02,106166.34,262404.74,0.4776,11.2
2007-08-03,105461.89,253038.09,0.4808,10.6
2007-08-06,105539.61,257167.39,0.0,0.0
2007-08-07,105539.61,259207.3,0.0,0.0
2007-08-08,105539.61,263546.08,0.0,0.0
2007-08-09,105539.61,257245.67,0.0,0.0
2007-08-10,105539.61,252506.91,0.0,0.0
2007-08-13,105539.61,253679.79,0.0,0.0
2007-08-14,105539.61,252710.21,0.0,0.0
2007-08-15,105539.61,244991.63,0.0,0.0
2007-08-16,105539.61,241322.46,0.0,0.0
2007-08-17,105539.61,250456.62,0.0,0.0
2007-08-20,105539.61,250142.97,0.0,0.0
2007-08-21,105539.61,258800.07,0.0,0.0
2007-08-22,105539.61,264970.07,0.0,0.0
2007-08-23,105456.5,263221.81,0.5004,5.31
2007-08-24,105485.64,267236.74,0.5002,5.33
2007-08-27,105612.69,266594.93,0.4996,5.45
2007-08-28,105261.83,256266.14,0.5013,5.13
2007-08-29,105568.4,267102.54,0.4998,5.41
2007-08-30,105535.76,267914.72,0.5,5.38
2007-08-31,105824.85,274423.79,0.4986,5.64
2007-09-04,106180.88,282328.43,0.9953,11.61
2007-09-05,105677.62,276766.81,1.502,25.61
2007-09-06,105617.15,275665.01,1.5029,25.56
2007-09-07,104975.12,269145.63,1.5121,25.11
2007-09-10,105066.51,271963.0,1.0058,11.21
2007-09-11,105140.12,274352.1,1.0051,11.27
2007-09-12,104960.61,271949.54,1.0068,11.12
2007-09-13,104977.35,272700.77,1.0067,11.14
2007-09-14,104875.0,271634.95,1.0077,11.05
2007-09-17,104858.13,270523.04,0.5046,5.66
2007-09-18,104965.7,281616.27,0.5041,5.75
2007-09-19,105043.09,281250.94,1.9945,43.93
2007-09-20,105032.05,280790.87,1.9947,43.92
2007-09-21,105430.49,284890.32,1.9872,44.13
2007-09-24,105832.7,290591.03,1.9796,44.35
2007-09-25,106167.96,295122.78,1.9734,44.52
2007-09-26,106268.6,297203.2,1.9715,44.57
2007-09-27,106473.93,298792.64,1.9961,45.02
2007-09-28,106328.08,296574.06,1.9988,44.95
2007-10-01,107140.88,304373.32,1.9836,45.36
2007-10-02,107255.57,304942.54,1.9815,45.42
2007-10-03,107084.44,300291.44,1.9847,45.33
2007-10-04,106948.77,299245.12,1.9872,45.26
2007-10-05,107983.07,307273.0,1.9682,45.79
2007-10-08,108650.91,314447.81,1.9561,46.12
2007-10-09,108966.21,313644.56,1.9504,46.28
2007-10-10,109175.43,314100.04,1.9467,46.38
2007-10-11,108588.75,306155.51,1.9572,46.09
2007-10-12,109488.26,313618.4,1.9411,46.53
2007-10-15,108840.62,311977.38,1.9527,46.22
2007-10-16,108681.0,313723.74,1.9555,46.14
2007-10-17,109484.49,325049.86,1.9412,46.53
2007-10-18,109674.27,326076.69,1.9378,46.62
2007-10-19,108925.78,317891.08,1.9511,46.26
2007-10-22,109332.57,325944.55,1.4673,34.36
2007-10-23,110733.06,337119.14,1.4488,35.19
2007-10-24,110601.52,333340.35,1.4505,35.11
2007-10-25,110059.27,321875.74,1.4302,34.49
2007-10-26,110522.33,323668.21,1.4242,34.77
2007-10-29,110708.19,322506.6,1.4218,34.88
2007-10-30,111189.36,328254.55,1.4156,35.16
2007-10-31,111813.21,333404.8,1.4077,35.52
2007-11-01,111339.4,330321.17,1.4137,35.24
2007-11-02,111661.73,335087.66,1.4097,35.43
2007-11-05,111838.21,335071.9,1.4074,35.53
2007-11-06,112626.23,343806.25,1.3976,35.98
2007-11-07,111823.88,333518.16,1.4076,35.52
2007-11-08,109995.05,316120.19,1.431,34.45
2007-11-09,108799.65,304356.64,0.4781,14.52
2007-11-12,108627.91,284515.93,0.0,0.0
2007-11-13,108627.91,306053.33,0.0,0.0
2007-11-14,108627.91,300063.33,0.0,0.0
2007-11-15,108627.91,296147.5,0.0,0.0
2007-11-16,108627.91,299942.18,0.0,0.0
2007-11-19,108627.91,291428.79,0.0,0.0
2007-11-20,108627.91,296426.63,0.0,0.0
2007-11-21,108627.91,295757.05,0.0,0.0
2007-11-23,108627.91,301273.4,0.0,0.0
2007-11-26,108627.91,298104.42,0.0,0.0
2007-11-27,108627.91,304283.04,0.0,0.0
2007-11-28,108627.91,316315.7,0.0,0.0
2007-11-29,108627.91,320162.37,0.0,0.0
2007-11-30,108627.91,314487.67,0.0,0.0
2007-12-03,108627.91,312022.29,0.0,0.0
2007-12-04,108627.91,312480.07,0.0,0.0
2007-12-05,108627.91,322584.02,0.0,0.0
2007-12-06,108627.91,329508.16,0.0,0.0
2007-12-07,108627.91,331124.87,0.0,0.0
2007-12-10,108641.37,332660.53,0.4997,7.3
2007-12-11,107644.82,325971.52,1.5106,30.43
2007-12-12,107642.3,330930.78,1.0085,15.68
2007-12-13,107613.1,328359.41,1.0088,15.66
2007-12-14,107501.14,327913.6,1.0099,15.57
2007-12-17,107094.48,316550.87,0.5069,7.03
2007-12-18,106920.02,318438.44,0.0,0.0
2007-12-19,106920.02,319732.73,0.0,0.0
2007-12-20,106920.02,326034.65,0.0,0.0
2007-12-21,106920.02,331636.45,0.0,0.0
2007-12-24,106920.02,337083.54,0.0,0.0
2007-12-26,106905.61,339582.05,0.4997,7.48
2007-12-27,106671.74,334863.97,1.0019,13.94
2007-12-28,106653.7,334859.51,1.0021,13.93
2007-12-31,106432.34,330218.96,1.0041,13.75
2008-01-02,106189.02,324357.74,0.5031,7.37
2008-01-03,106192.64,323861.55,0.5031,7.38
2008-01-04,105815.13,302950.4,0.0,0.0
2008-01-07,105815.13,292638.18,0.0,0.0
2008-01-08,105815.13,287304.52,0.0,0.0
2008-01-09,105815.13,298940.93,0.0,0.0
2008-01-10,105815.13,296092.09,0.0,0.0
2008-01-11,105815.13,288066.11,0.0,0.0
2008-01-14,105815.13,298634.45,0.0,0.0
2008-01-15,105815.13,284303.49,0.0,0.0
2008-01-16,105815.13,268086.11,0.0,0.0
2008-01-17,105815.13,265422.88,0.0,0.0
2008-01-18,105815.13,269327.08,0.0,0.0
2008-01-22,105815.13,260172.83,0.0,0.0
2008-01-23,105815.13,247705.29,0.0,0.0
2008-01-24,105815.13,253390.11,0.0,0.0
2008-01-25,105815.13,245928.01,0.0,0.0
2008-01-28,105815.13,244674.48,0.0,0.0
2008-01-29,105815.13,247188.49,0.0,0.0
2008-01-30,105815.13,246624.69,0.0,0.0
2008-01-31,105815.13,249483.14,0.0,0.0
2008-02-01,105815.13,250066.71,0.0,0.0
2008-02-04,105815.13,243965.79,0.0,0.0
2008-02-05,105815.13,238231.13,0.0,0.0
2008-02-06,105815.13,232258.78,0.0,0.0
2008-02-07,105815.13,233007.0,0.0,0.0
2008-02-08,105815.13,238069.77,0.0,0.0
2008-02-11,105815.13,241574.44,0.0,0.0
2008-02-12,105815.13,240816.61,0.0,0.0
2008-02-13,105815.13,248627.76,0.0,0.0
2008-02-14,105815.13,235336.83,0.0,0.0
2008-02-15,105815.13,232344.64,0.0,0.0
2008-02-19,105815.13,227937.85,0.0,0.0
2008-02-20,105815.13,228739.93,0.0,0.0
2008-02-21,105815.13,225045.8,0.0,0.0
2008-02-22,105815.13,227058.5,0.0,0.0
2008-02-25,105815.13,225498.25,0.0,0.0
2008-02-26,105815.13,223670.87,0.0,0.0
2008-02-27,105815.13,227912.96,0.0,0.0
2008-02-28,105815.13,230056.24,0.0,0.0
2008-02-29,105815.13,223924.14,0.0,0.0
2008-03-03,105815.13,219616.65,0.0,0.0
2008-03-04,105815.13,219720.14,0.0,0.0
2008-03-05,105815.13,220800.51,0.0,0.0
2008-03-06,105815.13,212744.86,0.0,0.0
2008-03-07,105815.13,212630.25,0.0,0.0
2008-03-10,105815.13,205521.39,0.0,0.0
2008-03-11,105815.13,216061.39,0.0,0.0
2008-03-12,105815.13,213670.62,0.0,0.0
2008-03-13,105815.13,218374.83,0.0,0.0
2008-03-14,105815.13,212781.46,0.0,0.0
2008-03-17,105815.13,209298.27,0.0,0.0
2008-03-18,105815.13,219697.68,0.0,0.0
2008-03-19,105815.13,212575.03,0.0,0.0
2008-03-20,105815.13,217904.36,0.0,0.0
2008-03-24,105815.13,229561.2,0.0,0.0
2008-03-25,105815.13,230398.8,0.0,0.0
2008-03-26,105815.13,231714.42,0.0,0.0
2008-03-27,105815.13,225998.76,0.0,0.0
2008-03-28,105815.13,227566.51,0.0,0.0
2008-03-31,105815.13,228584.83,0.0,0.0
2008-04-01,105815.13,239683.22,0.0,0.0
2008-04-02,105815.13,236728.77,0.0,0.0
2008-04-03,105815.13,237429.04,0.0,0.0
2008-04-04,105815.13,236992.08,0.0,0.0
2008-04-07,105815.13,240439.42,0.0,0.0
2008-04-08,105815.13,237142.43,0.0,0.0
2008-04-09,105815.13,236444.56,0.0,0.0
2008-04-10,105815.13,240215.15,0.0,0.0
2008-04-11,105815.13,229872.5,0.0,0.0
2008-04-14,105815.13,227952.03,0.0,0.0
2008-04-15,105815.13,228471.96,0.0,0.0
2008-04-16,105815.13,235697.32,0.0,0.0
2008-04-17,105815.13,234975.99,0.0,0.0
2008-04-18,105815.13,250068.97,0.0,0.0
2008-04-21,105815.13,256750.61,0.0,0.0
2008-04-22,105815.13,252020.49,0.0,0.0
2008-04-23,105815.13,255494.48,0.0,0.0
2008-04-24,105815.13,258043.34,0.0,0.0
2008-04-25,105815.13,259304.24,0.0,0.0
2008-04-28,105815.13,260820.34,0.0,0.0
2008-04-29,105815.13,264356.89,0.0,0.0
2008-04-30,105815.13,265779.32,0.0,0.0
2008-05-01,105815.13,275104.07,0.0,0.0
2008-05-02,105815.13,277230.63,0.0,0.0
2008-05-05,105815.13,279359.88,0.0,0.0
2008-05-06,105815.13,281542.19,0.0,0.0
2008-05-07,105815.13,276049.32,0.0,0.0
2008-05-08,105815.13,277975.8,0.0,0.0
2008-05-09,105815.13,277326.77,0.0,0.0
2008-05-12,105815.13,280538.26,0.0,0.0
2008-05-13,105815.13,280408.6,0.0,0.0
2008-05-14,105815.13,279004.68,0.0,0.0
2008-05-15,105815.13,286740.66,0.0,0.0
2008-05-16,105815.13,286960.28,0.0,0.0
2008-05-19,105815.13,282752.87,0.0,0.0
2008-05-20,105815.13,282350.18,0.0,0.0
2008-05-21,105815.13,273220.26,0.0,0.0
2008-05-22,105815.13,273961.8,0.0,0.0
2008-05-23,105815.13,274327.28,0.0,0.0
2008-05-27,105815.13,280493.98,0.0,0.0
2008-05-28,105815.13,282352.2,0.0,0.0
2008-05-29,105815.13,283792.71,0.0,0.0
2008-05-30,105815.13,288593.67,0.0,0.0
2008-06-02,105815.13,285557.82,0.0,0.0
2008-06-03,105815.13,281927.95,0.0,0.0
2008-06-04,105815.13,283319.44,0.0,0.0
2008-06-05,105815.13,289799.35,0.0,0.0
2008-06-06,105815.13,281973.57,0.0,0.0
2008-06-09,105815.13,277507.5,0.0,0.0
2008-06-10,105815.13,275897.62,0.0,0.0
2008-06-11,105815.13,268388.78,0.0,0.0
2008-06-12,105815.13,264822.63,0.0,0.0
2008-06-13,105815.13,266676.84,0.0,0.0
2008-06-16,105815.13,269123.3,0.0,0.0
2008-06-17,105815.13,270154.64,0.0,0.0
2008-06-18,105815.13,265752.86,0.0,0.0
2008-06-19,105815.13,267177.36,0.0,0.0
2008-06-20,105815.13,260850.41,0.0,0.0
2008-06-23,105815.13,258144.29,0.0,0.0
2008-06-24,105815.13,259377.81,0.0,0.0
2008-06-25,105815.13,263620.49,0.0,0.0
2008-06-26,105815.13,251473.69,0.0,0.0
2008-06-27,105815.13,252974.24,0.0,0.0
2008-06-30,105815.13,249543.45,0.0,0.0
2008-07-01,105815.13,255405.99,0.0,0.0
2008-07-02,105815.13,247784.44,0.0,0.0
2008-07-03,105815.13,235877.62,0.0,0.0
2008-07-07,105815.13,238674.6,0.0,0.0
2008-07-08,105815.13,243229.66,0.0,0.0
2008-07-09,105815.13,237039.97,0.0,0.0
2008-07-10,105815.13,238724.27,0.0,0.0
2008-07-11,105815.13,234584.05,0.0,0.0
2008-07-14,105815.13,232502.06,0.0,0.0
2008-07-15,105815.13,229299.51,0.0,0.0
2008-07-16,105815.13,234431.31,0.0,0.0
2008-07-17,105815.13,234046.02,0.0,0.0
2008-07-18,105815.13,224801.43,0.0,0.0
2008-07-21,105815.13,224572.64,0.0,0.0
2008-07-22,105815.13,222295.45,0.0,0.0
2008-07-23,105815.13,227448.56,0.0,0.0
2008-07-24,105815.13,218995.05,0.0,0.0
2008-07-25,105815.13,224199.38,0.0,0.0
2008-07-28,105815.13,217041.5,0.0,0.0
2008-07-29,105815.13,220536.35,0.0,0.0
2008-07-30,105815.13,222323.48,0.0,0.0
2008-07-31,105815.13,220412.58,0.0,0.0
2008-08-01,105815.13,216452.36,0.0,0.0
2008-08-04,105815.13,212721.12,0.0,0.0
2008-08-05,105815.13,221938.72,0.0,0.0
2008-08-06,105815.13,226035.24,0.0,0.0
2008-08-07,105815.13,223971.55,0.0,0.0
2008-08-08,105815.13,229453.92,0.0,0.0
2008-08-11,105815.13,233589.23,0.0,0.0
2008-08-12,105815.13,235159.44,0.0,0.0
2008-08-13,105853.72,239376.82,0.4995,6.21
2008-08-14,105854.45,242250.87,0.4995,6.21
2008-08-15,105723.27,240405.44,0.5001,6.09
2008-08-18,105710.44,239097.17,0.5001,6.08
2008-08-19,105642.29,237129.48,0.5005,6.02
2008-08-20,105726.93,239864.76,0.5001,6.09
2008-08-21,105670.14,237790.8,0.5003,6.04
2008-08-22,105761.74,240367.45,0.4999,6.13
2008-08-25,105606.38,235487.36,0.5006,5.99
2008-08-26,105646.32,234519.98,0.5004,6.02
2008-08-27,105684.06,235232.91,0.5003,6.06
2008-08-28,105649.98,235482.72,0.5004,6.03
2008-08-29,105495.72,229780.7,0.5012,5.89
2008-09-02,105591.41,226627.3,0.0,0.0
2008-09-03,105591.41,225115.67,0.0,0.0
2008-09-04,105591.41,218305.41,0.0,0.0
2008-09-05,105591.41,217446.23,0.0,0.0
2008-09-08,105591.41,212785.76,0.0,0.0
2008-09-09,105591.41,206655.23,0.0,0.0
2008-09-10,105591.41,206452.79,0.0,0.0
2008-09-11,105591.41,208422.39,0.0,0.0
2008-09-12,105591.41,206193.85,0.0,0.0
2008-09-15,105591.41,196450.59,0.0,0.0
2008-09-16,105591.41,198281.27,0.0,0.0
2008-09-17,105591.41,186876.18,0.0,0.0
2008-09-18,105591.41,196787.16,0.0,0.0
2008-09-19,105591.41,204760.9,0.0,0.0
2008-09-22,105591.41,194553.04,0.0,0.0
2008-09-23,105591.41,190376.38,0.0,0.0
2008-09-24,105591.41,193357.2,0.0,0.0
2008-09-25,105591.41,197033.4,0.0,0.0
2008-09-26,105591.41,194213.84,0.0,0.0
2008-09-29,105591.41,167482.29,0.0,0.0
2008-09-30,105591.41,177587.57,0.0,0.0
2008-10-01,105591.41,174863.94,0.0,0.0
2008-10-02,105591.41,162734.5,0.0,0.0
2008-10-03,105591.41,159163.29,0.0,0.0
2008-10-06,105591.41,153685.31,0.0,0.0
2008-10-07,105591.41,142072.67,0.0,0.0
2008-10-08,105591.41,141522.48,0.0,0.0
2008-10-09,105591.41,137189.47,0.0,0.0
2008-10-10,105591.41,141834.52,0.0,0.0
2008-10-13,105591.41,162398.5,0.0,0.0
2008-10-14,105591.41,155209.15,0.0,0.0
2008-10-15,105591.41,143691.23,0.0,0.0
2008-10-16,105591.41,150742.08,0.0,0.0
2008-10-17,105591.41,149630.16,0.0,0.0
2008-10-20,105591.41,152724.77,0.0,0.0
2008-10-21,105591.41,143809.42,0.0,0.0
2008-10-22,105591.41,144515.74,0.0,0.0
2008-10-23,105591.41,144166.19,0.0,0.0
2008-10-24,105591.41,140620.24,0.0,0.0
2008-10-27,105591.41,136929.14,0.0,0.0
2008-10-28,105591.41,151652.71,0.0,0.0
2008-10-29,105591.41,154032.65,0.0,0.0
2008-10-30,105591.41,160263.75,0.0,0.0
2008-10-31,105591.41,158494.98,0.0,0.0
2008-11-03,105591.41,156023.88,0.0,0.0
2008-11-04,105591.41,162982.11,0.0,0.0
2008-11-05,105591.41,152896.32,0.0,0.0
2008-11-06,105591.41,145279.8,0.0,0.0
2008-11-07,105591.41,148345.09,0.0,0.0
2008-11-10,105591.41,143791.99,0.0,0.0
2008-11-11,105591.41,140637.5,0.0,0.0
2008-11-12,105591.41,133149.01,0.0,0.0
2008-11-13,105591.41,142525.4,0.0,0.0
2008-11-14,105591.41,134938.57,0.0,0.0
2008-11-17,105591.41,131752.86,0.0,0.0
2008-11-18,105591.41,132272.36,0.0,0.0
2008-11-19,105591.41,125181.55,0.0,0.0
2008-11-20,105591.41,116977.71,0.0,0.0
2008-11-21,105591.41,121041.82,0.0,0.0
2008-11-24,105591.41,129913.5,0.0,0.0
2008-11-25,105591.41,131505.15,0.0,0.0
2008-11-26,105591.41,137875.54,0.0,0.0
2008-11-28,105591.41,136202.31,0.0,0.0
2008-12-01,105591.41,127113.59,0.0,0.0
2008-12-02,105591.41,132198.7,0.0,0.0
2008-12-03,105591.41,136475.01,0.0,0.0
2008-12-04,105591.41,131116.87,0.0,0.0
2008-12-05,105591.41,135427.74,0.0,0.0
2008-12-08,105591.41,141307.54,0.0,0.0
2008-12-09,105591.41,143374.15,0.0,0.0
2008-12-10,105591.41,144419.86,0.0,0.0
2008-12-11,105591.41,139850.62,0.0,0.0
2008-12-12,105591.41,144967.08,0.0,0.0
2008-12-15,105591.41,141058.3,0.0,0.0
2008-12-16,105591.41,145749.93,0.0,0.0
2008-12-17,105591.41,141580.95,0.0,0.0
2008-12-18,105591.41,138522.94,0.0,0.0
2008-12-19,105591.41,138943.4,0.0,0.0
2008-12-22,105591.41,133173.24,0.0,0.0
2008-12-23,105591.41,133162.04,0.0,0.0
2008-12-24,105591.41,132441.73,0.0,0.0
2008-12-26,105591.41,132216.55,0.0,0.0
2008-12-29,105591.41,132879.69,0.0,0.0
2008-12-30,105591.41,134572.14,0.0,0.0
2008-12-31,105591.41,134890.92,0.0,0.0
2009-01-02,105591.41,142386.37,0.0,0.0
2009-01-05,105591.41,145854.75,0.0,0.0
2009-01-06,105591.41,146485.19,0.0,0.0
2009-01-07,105591.41,141710.31,0.0,0.0
2009-01-08,105591.41,142755.9,0.0,0.0
2009-01-09,105591.41,138548.09,0.0,0.0
2009-01-12,105591.41,135651.31,0.0,0.0
2009-01-13,105591.41,135345.16,0.0,0.0
2009-01-14,105591.41,130747.46,0.0,0.0
2009-01-15,105591.41,130224.22,0.0,0.0
2009-01-16,105591.41,130968.15,0.0,0.0
2009-01-20,105591.41,123218.12,0.0,0.0
2009-01-21,105591.41,130221.83,0.0,0.0
2009-01-22,105591.41,133284.44,0.0,0.0
2009-01-23,105591.41,135948.76,0.0,0.0
2009-01-26,105591.41,137538.53,0.0,0.0
2009-01-27,105591.41,140421.81,0.0,0.0
2009-01-28,105591.41,146198.5,0.0,0.0
2009-01-29,105591.41,142752.5,0.0,0.0
2009-01-30,105591.41,139077.1,0.0,0.0
2009-02-02,105591.41,141380.33,0.0,0.0
2009-02-03,105591.41,142977.76,0.0,0.0
2009-02-04,105591.41,144152.37,0.0,0.0
2009-02-05,105591.41,149218.03,0.0,0.0
2009-02-06,105591.41,155114.36,0.0,0.0
2009-02-09,105591.41,157371.63,0.0,0.0
2009-02-10,105591.41,150095.53,0.0,0.0
2009-02-11,105591.41,146444.29,0.0,0.0
2009-02-12,105591.41,149116.91,0.0,0.0
2009-02-13,105591.41,148271.62,0.0,0.0
2009-02-17,105591.41,141440.91,0.0,0.0
2009-02-18,105591.41,142883.72,0.0,0.0
2009-02-19,105591.41,137546.55,0.0,0.0
2009-02-20,105591.41,138673.99,0.0,0.0
2009-02-23,105591.41,132508.36,0.0,0.0
2009-02-24,105591.41,138702.68,0.0,0.0
2009-02-25,105591.41,138933.29,0.0,0.0
2009-02-26,105591.41,137296.9,0.0,0.0
2009-02-27,105591.41,137090.94,0.0,0.0
2009-03-02,105591.41,132371.14,0.0,0.0
2009-03-03,105591.41,133142.26,0.0,0.0
2009-03-04,105591.41,136375.97,0.0,0.0
2009-03-05,105591.41,132181.93,0.0,0.0
2009-03-06,105591.41,130478.11,0.0,0.0
2009-03-09,105591.41,126702.41,0.0,0.0
2009-03-10,105591.41,135284.46,0.0,0.0
2009-03-11,105591.41,139732.01,0.0,0.0
2009-03-12,105591.41,144946.76,0.0,0.0
2009-03-13,105591.41,144775.43,0.0,0.0
2009-03-16,105591.41,142738.23,0.0,0.0
2009-03-17,105591.41,149085.46,0.0,0.0
2009-03-18,105591.41,151307.07,0.0,0.0
2009-03-19,105591.41,150578.44,0.0,0.0
2009-03-20,105591.41,148557.78,0.0,0.0
2009-03-23,105591.41,157756.1,0.0,0.0
2009-03-24,105591.41,155204.34,0.0,0.0
2009-03-25,105591.41,155511.49,0.0,0.0
2009-03-26,105591.41,160886.91,0.0,0.0
2009-03-27,105591.41,157624.13,0.0,0.0
2009-03-30,105591.41,153079.82,0.0,0.0
2009-03-31,105591.41,154438.93,0.0,0.0
2009-04-01,105591.41,158410.16,0.0,0.0
2009-04-02,105591.41,163871.8,0.0,0.0
2009-04-03,105591.41,168982.74,0.0,0.0
2009-04-06,105591.41,170311.65,0.0,0.0
2009-04-07,105591.41,165438.1,0.0,0.0
2009-04-08,105591.41,168162.57,0.0,0.0
2009-04-09,105591.41,173902.19,0.0,0.0
2009-04-13,105591.41,173852.13,0.0,0.0
2009-04-14,105591.41,171466.83,0.0,0.0
2009-04-15,105591.41,171352.6,0.0,0.0
2009-04-16,105591.41,176043.24,0.0,0.0
2009-04-17,105591.41,177969.05,0.0,0.0
2009-04-20,105591.41,171891.68,0.0,0.0
2009-04-21,105591.41,173324.6,0.0,0.0
2009-04-22,105591.41,174206.29,0.0,0.0
2009-04-23,105591.41,176588.7,0.0,0.0
2009-04-24,105591.41,177283.99,0.0,0.0
2009-04-27,105591.41,176299.95,0.0,0.0
2009-04-28,105591.41,175459.25,0.0,0.0
2009-04-29,105591.41,177111.49,0.0,0.0
2009-04-30,105591.41,179695.42,0.0,0.0
2009-05-01,105591.41,180968.77,0.0,0.0
2009-05-04,105591.41,187283.75,0.0,0.0
2009-05-05,105467.3,186448.89,0.5006,5.6
2009-05-06,105347.23,186018.91,0.5012,5.49
2009-05-07,105049.2,180428.02,0.0,0.0
2009-05-08,105049.2,178164.53,0.0,0.0
2009-05-11,105049.2,178698.32,0.0,0.0
2009-05-12,105049.2,173155.86,0.0,0.0
2009-05-13,105049.2,166788.41,0.0,0.0
2009-05-14,105049.2,169392.92,0.0,0.0
2009-05-15,105049.2,169732.93,0.0,0.0
2009-05-18,105049.2,175289.25,0.0,0.0
2009-05-19,105049.2,176516.88,0.0,0.0
2009-05-20,105049.2,175900.86,0.0,0.0
2009-05-21,105049.2,174077.89,0.0,0.0
2009-05-22,105049.2,173014.52,0.0,0.0
2009-05-26,105049.2,181679.61,0.0,0.0
2009-05-27,105049.2,182891.06,0.0,0.0
2009-05-28,105049.2,185411.83,0.0,0.0
2009-05-29,105062.49,186835.21,0.4999,7.92
2009-06-01,105454.98,192174.57,0.9958,17.96
2009-06-02,105572.4,192254.19,1.4928,29.28
2009-06-03,105705.12,192377.25,1.4909,29.36
2009-06-04,106220.53,196312.83,1.4837,29.71
2009-06-05,106389.08,197170.12,1.4813,29.82
2009-06-08,106167.57,195831.07,1.4844,29.67
2009-06-09,106113.1,196528.96,1.4852,29.64
2009-06-10,105966.45,195480.24,1.9879,34.15
2009-06-11,105796.24,194623.58,1.9911,34.04
2009-06-12,105430.99,192134.25,1.998,33.81
2009-06-15,104853.93,189556.22,2.009,33.45
2009-06-16,104669.56,188469.08,1.511,23.58
2009-06-17,104769.26,188743.77,1.0077,12.53
2009-06-18,104693.66,188340.99,1.0084,12.47
2009-06-19,104965.56,191658.75,1.0058,12.69
2009-06-22,104567.09,186459.48,1.0097,12.36
2009-06-23,104198.23,184015.05,0.5041,7.88
2009-06-24,104272.2,187085.31,0.0,0.0
2009-06-25,104272.2,192155.84,0.0,0.0
2009-06-26,104272.2,195110.95,0.0,0.0
2009-06-29,104272.2,194880.95,0.0,0.0
2009-06-30,104272.2,194047.49,0.0,0.0
2009-07-01,104272.2,194244.29,0.0,0.0
2009-07-02,104272.2,189488.77,0.0,0.0
2009-07-06,104272.2,187719.69,0.0,0.0
2009-07-07,104272.2,182504.96,0.0,0.0
2009-07-08,104272.2,184365.44,0.0,0.0
2009-07-09,104272.2,185219.79,0.0,0.0
2009-07-10,104272.2,187123.39,0.0,0.0
2009-07-13,104272.2,191514.79,0.0,0.0
2009-07-14,104272.2,192219.44,0.0,0.0
2009-07-15,104272.2,198630.75,0.0,0.0
2009-07-16,104778.5,201145.98,1.492,38.64
2009-07-17,104878.29,203736.89,1.4906,38.7
2009-07-20,105135.22,205192.33,1.9857,44.09
2009-07-21,104934.57,203652.21,2.0014,44.26
2009-07-22,105653.52,207858.98,1.9878,44.64
2009-07-23,106697.8,212132.32,1.9684,45.18
2009-07-24,107022.98,214242.08,1.9624,45.35
2009-07-27,107124.27,214474.94,1.9605,45.4
2009-07-28,106874.73,213761.07,1.9651,45.27
2009-07-29,106758.35,212854.01,1.9672,45.21
2009-07-30,107410.89,216066.29,1.9553,45.54
2009-07-31,107365.49,216279.69,1.9561,45.52
2009-08-03,108293.1,220565.09,1.9394,45.99
2009-08-04,108300.25,220431.1,1.9392,45.99
2009-08-05,108077.41,219768.66,1.9432,45.88
2009-08-06,107682.36,217957.15,1.9504,45.68
2009-08-07,108485.35,221605.56,1.9359,46.08
2009-08-10,108086.53,219736.21,1.9431,45.89
2009-08-11,107564.46,217107.85,1.9525,45.62
2009-08-12,108378.16,220841.17,1.9378,46.03
2009-08-13,109029.55,224428.99,1.9263,46.35
2009-08-14,108449.55,221761.7,1.9366,46.07
2009-08-17,106665.54,213307.22,1.969,45.16
2009-08-18,106874.89,217736.94,0.0,0.0
2009-08-19,106874.89,217886.56,0.0,0.0
2009-08-20,106874.89,222329.28,0.0,0.0
2009-08-21,106874.89,225815.1,0.0,0.0
2009-08-24,106661.21,225044.04,1.9993,49.07
2009-08-25,106823.54,225918.75,1.9962,49.14
2009-08-26,106578.39,224701.9,2.0008,49.03
2009-08-27,106733.4,226372.13,1.9979,49.1
2009-08-28,106751.45,228471.06,1.9976,49.11
2009-08-31,106272.08,226109.39,2.009,48.92
2009-09-01,105337.49,221684.83,2.0268,48.46
2009-09-02,105147.12,221768.22,1.5259,35.22
2009-09-03,105450.79,224213.81,1.5215,35.41
2009-09-04,106109.38,229001.96,1.5121,35.81
2009-09-08,106354.21,231800.82,1.5086,35.96
2009-09-09,106499.57,232600.08,1.5065,36.04
2009-09-10,106917.65,235856.61,1.5006,36.29
2009-09-11,106876.55,235357.45,1.9977,51.71
2009-09-14,107195.78,236116.19,1.9918,51.86
2009-09-15,107472.23,238243.71,1.9867,51.98
2009-09-16,108672.27,243000.4,1.9647,52.51
2009-09-17,108911.01,243219.77,1.9604,52.62
2009-09-18,108877.58,243382.32,1.961,52.6
2009-09-21,108958.1,243139.72,1.9596,52.64
2009-09-22,109168.7,243853.6,1.9558,52.73
2009-09-23,109009.44,243579.15,1.9586,52.66
2009-09-24,108531.49,241454.8,1.9673,52.45
2009-09-25,108101.26,239223.99,1.9727,52.23
2009-09-28,109061.77,243719.98,1.9553,52.65
2009-09-29,108891.3,242396.91,1.9584,52.57
2009-09-30,108766.23,243256.5,1.9607,52.52
2009-10-01,107378.35,235774.2,1.986,51.9
2009-10-02,107033.19,237648.55,0.4992,11.74
2009-10-05,107093.83,238988.47,0.0,0.0
2009-10-06,107093.83,243721.1,0.0,0.0
2009-10-07,107108.44,245556.74,0.4997,12.65
2009-10-08,106886.73,245060.67,1.0015,24.46
2009-10-09,107023.16,246710.91,1.0002,24.55
2009-10-12,107239.2,247402.65,0.9982,24.7
2009-10-13,107233.91,246948.87,0.9982,24.7
2009-10-14,107551.15,249210.55,0.9953,24.92
2009-10-15,107530.8,247188.02,1.4944,46.69
2009-10-16,107666.77,246502.11,1.4925,46.76
2009-10-19,108044.32,249455.77,1.4873,46.94
2009-10-20,108544.32,254978.25,1.4804,47.19
2009-10-21,108757.03,257767.14,1.4775,47.29
2009-10-22,109087.1,258737.06,1.473,47.45
2009-10-23,108718.77,256788.06,1.478,47.27
2009-10-26,108376.05,255218.68,1.4827,47.11
2009-10-27,107709.36,249874.85,0.9938,25.58
2009-10-28,107158.68,243807.1,0.9989,25.2
2009-10-29,107704.69,249439.59,0.9939,25.58
2009-10-30,106778.01,240418.13,1.0025,24.94
2009-11-02,106839.5,241212.23,0.501,12.62
2009-11-03,106799.62,241151.9,0.5011,12.59
2009-11-04,106946.32,242757.78,0.5005,12.71
2009-11-05,107175.63,247188.97,0.4994,12.89
2009-11-06,107197.71,250064.37,0.4993,12.91
2009-11-09,107704.75,257319.82,0.4969,13.32
2009-11-10,107895.27,257919.12,0.9948,26.96
2009-11-11,108012.64,259641.03,0.9937,27.04
2009-11-12,107726.32,258162.76,1.4965,41.8
2009-11-13,108141.73,260666.71,1.4908,42.02
2009-11-16,108570.92,263437.48,1.4849,42.25
2009-11-17,108722.1,263832.31,1.9812,59.39
2009-11-18,108523.16,262419.57,1.9848,59.32
2009-11-19,107545.83,256649.52,2.0028,58.95
2009-11-20,107279.91,255597.9,2.0078,58.85
2009-11-23,108512.66,261427.09,1.985,59.31
2009-11-24,108402.71,260338.77,1.987,59.27
2009-11-25,108588.02,260984.94,1.9836,59.34
2009-11-27,107629.72,256767.08,2.0013,58.98
2009-11-30,107745.06,257430.83,1.9991,59.02
2009-12-01,108104.93,257366.06,1.9925,59.16
2009-12-02,108178.06,257705.39,1.4964,46.11
2009-12-03,107921.18,257732.89,1.4999,45.98
2009-12-04,108091.71,256979.05,1.4976,46.07
2009-12-07,108018.49,258861.39,1.4986,46.03
2009-12-08,107419.73,257195.84,2.0097,54.28
2009-12-09,107920.39,263659.94,2.0004,54.5
2009-12-10,108006.19,262540.76,1.9988,54.53
2009-12-11,107880.97,260813.9,2.0011,54.48
2009-12-14,108563.06,264298.36,1.9885,54.77
2009-12-15,108306.23,262002.95,1.9933,54.66
2009-12-16,109206.26,266267.04,1.9768,55.03
2009-12-17,108639.81,263186.92,1.9871,54.8
2009-12-18,108937.31,265991.48,1.9817,54.92
2009-12-21,109713.51,269950.18,1.9677,55.24
2009-12-22,110208.78,272910.79,1.9588,55.44
2009-12-23,110783.94,275892.16,1.9487,55.67
2009-12-24,111178.6,281148.22,1.9418,55.83
2009-12-28,111252.8,282629.13,1.9984,56.98
2009-12-29,111179.66,281137.41,1.9997,56.95
2009-12-30,111701.96,284789.44,1.9904,57.15
2009-12-31,111297.29,283576.23,1.9976,57.0
2010-01-04,111942.18,286487.17,1.9861,57.24
2010-01-05,112079.69,287185.61,1.9836,57.3
2010-01-06,111633.79,283655.35,1.9916,57.13
2010-01-07,111142.47,281165.3,2.0004,56.94
2010-01-08,111299.28,283188.9,1.5141,43.28
2010-01-11,111094.73,281186.09,1.5169,43.18
2010-01-12,110330.3,276577.61,1.5274,42.78
2010-01-13,110837.4,279153.83,1.4623,41.94
2010-01-14,110741.51,278014.41,1.4635,41.89
2010-01-15,110027.02,273019.5,1.473,41.51
2010-01-19,110720.49,280953.94,1.4638,41.88
2010-01-20,110239.3,277438.76,1.4702,41.63
2010-01-21,109536.5,274008.54,1.4796,41.25
2010-01-22,108596.38,261644.62,0.9935,23.67
2010-01-25,108812.78,264900.82,0.0,0.0
2010-01-26,108812.78,265548.63,0.0,0.0
2010-01-27,108812.78,268126.42,0.0,0.0
2010-01-28,108812.78,259710.19,0.0,0.0
2010-01-29,108812.78,252349.41,0.0,0.0
2010-02-01,108812.78,257858.91,0.0,0.0
2010-02-02,108812.78,259235.12,0.0,0.0
2010-02-03,108812.78,262708.34,0.0,0.0
2010-02-04,108812.78,253085.02,0.0,0.0
2010-02-05,108812.78,256718.23,0.0,0.0
2010-02-08,108812.78,255725.11,0.0,0.0
2010-02-09,108812.78,257439.52,0.0,0.0
2010-02-10,108812.78,257275.25,0.0,0.0
2010-02-11,108812.78,262134.99,0.0,0.0
2010-02-12,108812.78,263507.97,0.0,0.0
2010-02-16,108812.78,267604.13,0.0,0.0
2010-02-17,108812.78,267407.66,0.0,0.0
2010-02-18,108534.86,265414.86,0.5013,19.83
2010-02-19,108418.68,264174.91,0.5018,19.74
2010-02-22,108457.41,263620.26,0.5016,19.77
2010-02-23,108215.11,259198.12,0.0,0.0
2010-02-24,108215.11,262379.08,0.0,0.0
2010-02-25,108215.11,262317.03,0.0,0.0
2010-02-26,108215.11,263593.14,0.0,0.0
2010-03-01,108215.11,269110.41,0.0,0.0
2010-03-02,108062.48,269944.72,1.4995,40.18
2010-03-03,108119.28,270175.97,1.4987,40.21
2010-03-04,108292.75,272171.56,1.4963,40.3
2010-03-05,109193.32,280243.22,1.484,40.8
2010-03-08,109154.37,279567.46,1.9847,53.91
2010-03-09,109414.53,283597.93,1.98,54.02
2010-03-10,110128.08,286731.42,1.9672,54.32
2010-03-11,110415.74,286764.39,1.962,54.44
2010-03-12,110435.76,287461.16,1.9617,54.45
2010-03-15,109844.47,283817.9,1.9722,54.2
2010-03-16,110170.45,286234.29,1.9664,54.34
2010-03-17,110312.89,287106.92,1.9639,54.39
2010-03-18,110384.18,285967.31,1.9987,54.97
2010-03-19,109813.05,282934.64,2.0091,54.74
2010-03-22,110128.78,285301.28,2.0033,54.87
2010-03-23,110187.43,287963.64,1.5068,42.4
2010-03-24,110052.07,287685.9,1.5086,42.33
2010-03-25,109863.1,286574.61,1.5112,42.23
2010-03-26,110084.59,289255.61,1.5082,42.35
2010-03-29,110359.49,290972.88,1.5044,42.49
2010-03-30,110604.35,293852.38,1.5011,42.62
2010-03-31,110413.14,292587.41,1.5037,42.52
2010-04-01,110577.77,293041.21,1.5015,42.61
2010-04-05,111015.84,295900.96,1.4955,42.83
2010-04-06,111141.26,295312.59,1.458,42.39
2010-04-07,111049.82,295626.87,1.4592,42.35
2010-04-08,111117.46,295017.17,1.4583,42.38
2010-04-09,111429.64,296611.17,1.4542,42.54
2010-04-12,111497.67,298410.13,1.4533,42.58
2010-04-13,111605.17,300941.4,1.4519,42.63
2010-04-14,112134.15,304306.42,1.9423,55.7
2010-04-15,112541.85,307428.2,1.9352,55.86
2010-04-16,111158.92,298970.93,1.4578,43.03
2010-04-19,111200.23,298613.5,1.4572,43.05
2010-04-20,111324.29,297990.65,1.4556,43.12
2010-04-21,112127.35,306149.56,1.4452,43.52
2010-04-22,112645.62,310397.06,1.4385,43.78
2010-04-23,113058.9,312600.82,1.4333,43.99
2010-04-26,112883.6,310718.05,1.4355,43.9
2010-04-27,111699.07,303533.85,1.4507,43.31
2010-04-28,111824.05,303509.75,1.4491,43.37
2010-04-29,112703.2,310164.66,1.4378,43.81
2010-04-30,111666.52,301537.47,1.4511,43.29
2010-05-03,112405.85,305518.11,1.4416,43.66
2010-05-04,111067.58,295039.81,1.459,42.98
2010-05-05,110557.25,292795.09,0.4893,11.7
2010-05-06,107678.82,283321.53,0.0,0.0
2010-05-07,107678.82,274731.98,0.0,0.0
2010-05-10,107678.82,292539.51,0.0,0.0
2010-05-11,107678.82,292408.07,0.0,0.0
2010-05-12,107678.82,297004.74,0.0,0.0
2010-05-13,107678.82,294480.07,0.0,0.0
2010-05-14,107678.82,286164.99,0.0,0.0
2010-05-17,107678.82,286623.48,0.0,0.0
2010-05-18,107678.82,282819.83,0.0,0.0
2010-05-19,107678.82,280105.57,0.0,0.0
2010-05-20,107678.82,269172.11,0.0,0.0
2010-05-21,107678.82,272958.17,0.0,0.0
2010-05-24,107678.82,275003.08,0.0,0.0
2010-05-25,107678.82,274899.16,0.0,0.0
2010-05-26,107678.82,273831.2,0.0,0.0
2010-05-27,107678.82,284500.75,0.0,0.0
2010-05-28,107678.82,284971.38,0.0,0.0
2010-06-01,107678.82,285202.68,0.0,0.0
2010-06-02,107678.82,289623.37,0.0,0.0
2010-06-03,107678.82,290540.52,0.0,0.0
2010-06-04,107678.82,282352.96,0.0,0.0
2010-06-07,107678.82,275714.88,0.0,0.0
2010-06-08,107678.82,273957.44,0.0,0.0
2010-06-09,107678.82,268052.46,0.0,0.0
2010-06-10,107678.82,276221.99,0.0,0.0
2010-06-11,107678.82,279232.45,0.0,0.0
2010-06-14,107678.82,278525.73,0.0,0.0
2010-06-15,107678.82,285861.74,0.0,0.0
2010-06-16,107678.82,290671.25,0.0,0.0
2010-06-17,107701.75,294724.64,0.4994,6.7
2010-06-18,107760.12,296220.2,0.4991,6.75
2010-06-21,107656.63,291630.05,0.4996,6.66
2010-06-22,107754.29,292094.72,0.4991,6.74
2010-06-23,107677.86,290038.2,0.4995,6.68
2010-06-24,107625.59,285976.27,0.4997,6.63
2010-06-25,107564.55,284241.84,0.5,6.58
2010-06-28,107607.01,285107.22,0.4998,6.62
2010-06-29,107285.13,272672.17,0.5013,6.34
2010-06-30,107123.84,267635.3,0.0,0.0
2010-07-01,107123.84,265464.3,0.0,0.0
2010-07-02,107123.84,263716.29,0.0,0.0
2010-07-06,107123.84,264634.35,0.0,0.0
2010-07-07,107123.84,274847.9,0.0,0.0
2010-07-08,107123.84,274590.67,0.0,0.0
2010-07-09,107123.84,277083.49,0.0,0.0
2010-07-12,107123.84,276994.67,0.0,0.0
2010-07-13,107123.84,276375.63,0.0,0.0
2010-07-14,107123.84,277569.23,0.0,0.0
2010-07-15,107123.84,276261.12,0.0,0.0
2010-07-16,107123.84,269041.62,0.0,0.0
2010-07-19,107123.84,268299.94,0.0,0.0
2010-07-20,107123.84,274941.16,0.0,0.0
2010-07-21,107123.84,274583.93,0.0,0.0
2010-07-22,107123.84,279728.24,0.0,0.0
2010-07-23,107123.84,280674.43,0.0,0.0
2010-07-26,107123.84,281016.82,0.0,0.0
2010-07-27,107123.84,284170.78,0.0,0.0
2010-07-28,107123.84,280235.23,0.0,0.0
2010-07-29,107123.84,275690.69,0.0,0.0
2010-07-30,107123.84,275333.33,0.0,0.0
2010-08-02,107123.84,279613.11,0.0,0.0
2010-08-03,107123.84,278804.72,0.0,0.0
2010-08-04,107123.84,282424.88,0.0,0.0
2010-08-05,107123.84,282021.22,0.0,0.0
2010-08-06,107123.84,280394.19,0.0,0.0
2010-08-09,107123.84,282440.25,0.0,0.0
2010-08-10,107123.84,279472.71,0.0,0.0
2010-08-11,107123.84,270393.46,0.0,0.0
2010-08-12,107123.84,271341.22,0.0,0.0
2010-08-13,107123.84,269961.6,0.0,0.0
2010-08-16,107123.84,268385.38,0.0,0.0
2010-08-17,107123.84,272423.46,0.0,0.0
2010-08-18,107123.84,272544.46,0.0,0.0
2010-08-19,107123.84,269887.35,0.0,0.0
2010-08-20,107123.84,269349.82,0.0,0.0
2010-08-23,107123.84,266452.52,0.0,0.0
2010-08-24,107123.84,260552.53,0.0,0.0
2010-08-25,107123.84,263531.68,0.0,0.0
2010-08-26,107123.84,260831.27,0.0,0.0
2010-08-27,107123.84,263806.26,0.0,0.0
2010-08-30,107123.84,262044.67,0.0,0.0
2010-08-31,107123.84,261295.7,0.0,0.0
2010-09-01,107123.84,268242.38,0.0,0.0
2010-09-02,107123.84,270540.12,0.0,0.0
2010-09-03,107123.84,276869.4,0.0,0.0
2010-09-07,107123.84,275544.79,0.0,0.0
2010-09-08,107123.84,280630.29,0.0,0.0
2010-09-09,107030.74,281097.29,0.5001,9.66
2010-09-10,107044.11,281207.51,0.5,9.68
2010-09-13,107186.85,286092.16,0.4993,9.8
2010-09-14,107226.96,286390.45,0.4991,9.83
2010-09-15,107311.89,288050.58,0.4987,9.9
2010-09-16,107561.58,292221.95,0.4976,10.11
2010-09-17,107514.4,292241.73,0.4978,10.07
2010-09-20,107823.46,300116.49,0.4964,10.33
2010-09-21,107844.7,302401.36,0.4963,10.35
2010-09-22,108001.2,305262.91,0.4956,10.48
2010-09-23,108047.2,306175.88,0.4953,10.51
2010-09-24,108180.89,312202.72,0.4947,10.63
2010-09-27,108135.28,310887.7,0.4949,10.59
2010-09-28,107966.2,307830.42,0.4957,10.45
2010-09-29,107986.25,307901.29,0.4956,10.46
2010-09-30,107843.91,304749.14,0.4963,10.35
2010-10-01,107795.55,303164.71,0.4965,10.31
2010-10-04,107642.98,299698.66,0.4972,10.18
2010-10-05,108047.99,308956.89,0.4953,10.52
2010-10-06,108057.82,307138.63,0.4953,10.52
2010-10-07,108059.0,306593.7,0.4953,10.52
2010-10-08,108249.71,310971.81,0.4944,10.68
2010-10-11,108300.43,311933.96,0.4942,10.72
2010-10-12,108425.47,314961.71,0.4936,10.83
2010-10-13,108492.57,317334.52,0.9917,24.48
2010-10-14,108548.7,317887.03,0.9912,24.51
2010-10-15,109349.91,332626.47,0.9839,25.07
2010-10-18,109422.61,336469.44,0.9833,25.12
2010-10-19,108947.83,329437.38,0.9875,24.79
2010-10-20,109096.76,330486.33,0.9862,24.89
2010-10-21,109086.25,329828.61,0.9863,24.89
2010-10-22,109107.84,330606.66,0.9861,24.9
2010-10-25,109234.71,332328.87,0.985,24.99
2010-10-26,109244.53,332009.22,0.9849,25.0
2010-10-27,109282.59,332117.08,0.9845,25.02
2010-10-28,109212.87,330772.82,0.9852,24.97
2010-10-29,109010.32,327476.83,0.987,24.83
2010-11-01,109147.83,329705.32,0.9857,24.93
2010-11-02,109515.04,334114.28,0.9824,25.18
2010-11-03,109720.38,337170.62,0.9806,25.32
2010-11-04,110355.29,341795.3,1.4703,42.71
2010-11-05,110381.76,341765.53,1.4699,42.73
2010-11-08,110425.14,342998.42,1.4694,42.75
2010-11-09,110104.19,340729.46,1.4737,42.58
2010-11-10,110335.65,342370.33,1.4706,42.7
2010-11-11,110110.81,340357.36,1.4736,42.59
2010-11-12,109294.62,334512.01,1.4846,42.16
2010-11-15,109170.94,332578.14,1.4863,42.09
2010-11-16,108415.67,326235.69,1.4966,41.69
2010-11-17,108349.07,326150.3,0.0,0.0
2010-11-18,108349.07,334173.09,0.0,0.0
2010-11-19,108349.07,333702.6,0.0,0.0
2010-11-22,108349.07,338162.92,0.0,0.0
2010-11-23,108349.07,332897.82,0.0,0.0
2010-11-24,108349.07,339576.43,0.0,0.0
2010-11-26,108349.07,338369.94,0.0,0.0
2010-11-29,108349.07,339194.63,0.0,0.0
2010-11-30,108349.07,332183.15,0.0,0.0
2010-12-01,108349.07,338856.29,0.0,0.0
2010-12-02,108349.07,341663.0,0.0,0.0
2010-12-03,108349.07,342499.7,0.0,0.0
2010-12-06,108349.07,343997.08,0.0,0.0
2010-12-07,108349.07,344860.0,0.0,0.0
2010-12-08,108349.07,347471.94,0.0,0.0
2010-12-09,108349.07,346245.63,0.0,0.0
2010-12-10,108349.07,347352.27,0.0,0.0
2010-12-13,108240.65,347241.75,0.498,18.41
2010-12-14,108258.25,346518.01,0.4979,18.43
2010-12-15,108167.05,345076.89,0.4984,18.36
2010-12-16,108282.25,346161.74,0.4978,18.44
2010-12-17,108199.05,345754.21,0.4982,18.38
2010-12-20,108247.05,347103.17,0.498,18.42
2010-12-21,108373.45,350874.53,0.4974,18.51
2010-12-22,108419.46,352186.92,1.4954,56.09
2010-12-23,108174.95,350695.97,1.9997,75.05
2010-12-27,108214.83,351423.07,1.9989,75.06
2010-12-28,108156.03,351407.62,2.0,75.05
2010-12-29,108268.37,351574.8,1.9979,75.07
2010-12-30,108017.7,350361.63,2.0026,75.02
2010-12-31,107732.21,350130.94,2.0079,74.95
2011-01-03,109041.5,357300.66,1.9838,75.25
2011-01-04,109059.2,358008.59,1.9997,75.57
2011-01-05,109758.3,363833.61,1.9869,75.72
2011-01-06,109950.62,370129.29,1.9834,75.76
2011-01-07,110130.6,373237.02,1.9802,75.8
2011-01-10,110555.4,379031.21,1.9726,75.9
2011-01-11,110653.29,377997.95,1.9709,75.92
2011-01-12,111279.02,387968.86,1.9598,76.05
2011-01-13,111330.14,388824.43,1.9589,76.06
2011-01-14,112048.95,392209.23,1.9463,76.22
2011-01-18,112063.78,387503.02,1.946,76.22
2011-01-19,111231.49,383438.32,1.9606,76.04
2011-01-20,110502.62,378873.89,1.9735,75.88
2011-01-21,109573.35,372929.21,1.9903,75.68
2011-01-24,110745.16,386534.71,1.9692,75.94
2011-01-25,111263.92,388020.63,1.96,76.05
2011-01-26,111552.6,390918.03,1.955,76.11
2011-01-27,111724.97,390594.45,1.9519,76.15
2011-01-28,109826.52,381623.78,1.9857,75.74
2011-01-31,110353.37,384300.14,1.4855,61.13
2011-02-01,111522.67,391236.27,1.4699,61.54
2011-02-02,111421.4,393619.55,1.4713,61.5
2011-02-03,111446.21,391758.32,1.4709,61.51
2011-02-04,111853.51,395448.09,1.4656,61.65
2011-02-07,112422.64,396725.29,1.4582,61.85
2011-02-08,112882.14,397661.72,1.4522,62.0
2011-02-09,112964.91,397770.66,1.4512,62.03
2011-02-10,112773.49,394334.81,1.4536,61.97
2011-02-11,113230.29,398587.93,1.4321,61.69
2011-02-14,113491.27,399628.69,1.4289,61.78
2011-02-15,113434.17,398153.81,1.4296,61.76
2011-02-16,113941.94,402646.15,1.4232,61.93
2011-02-17,113691.04,405604.92,1.4263,61.85
2011-02-18,113187.74,401042.22,1.4327,61.68
2011-02-22,111243.82,384061.85,1.4577,61.01
2011-02-23,111054.2,383534.12,0.4854,18.88
2011-02-24,111000.4,384962.75,0.0,0.0
2011-02-25,111000.4,390248.83,0.0,0.0
2011-02-28,111000.4,392798.59,0.0,0.0
2011-03-01,111000.4,385676.7,0.0,0.0
2011-03-02,111000.4,385363.99,0.0,0.0
2011-03-03,111000.4,392184.65,0.0,0.0
2011-03-04,111000.4,390982.65,0.0,0.0
2011-03-07,111000.4,385860.34,0.0,0.0
2011-03-08,111000.4,384143.95,0.0,0.0
2011-03-09,111000.4,380739.03,0.0,0.0
2011-03-10,111000.4,371979.43,0.0,0.0
2011-03-11,111000.4,375645.15,0.0,0.0
2011-03-14,111000.4,376123.48,0.0,0.0
2011-03-15,111000.4,368915.99,0.0,0.0
2011-03-16,111000.4,356536.07,0.0,0.0
2011-03-17,111000.4,361253.11,0.0,0.0
2011-03-18,111000.4,357987.5,0.0,0.0
2011-03-21,111000.4,366182.16,0.0,0.0
2011-03-22,111000.4,366549.63,0.0,0.0
2011-03-23,111000.4,366891.34,0.0,0.0
2011-03-24,111000.4,375331.69,0.0,0.0
2011-03-25,111000.4,377389.23,0.0,0.0
2011-03-28,111000.4,377807.42,0.0,0.0
2011-03-29,111000.4,378807.66,0.0,0.0
2011-03-30,111000.4,375801.86,0.0,0.0
2011-03-31,111000.4,376247.48,0.0,0.0
2011-04-01,111000.4,373694.99,0.0,0.0
2011-04-04,111000.4,369426.78,0.0,0.0
2011-04-05,111000.4,366136.06,0.0,0.0
2011-04-06,111000.4,365936.42,0.0,0.0
2011-04-07,111000.4,368087.65,0.0,0.0
2011-04-08,111000.4,364384.75,0.0,0.0
2011-04-11,111000.4,360866.5,0.0,0.0
2011-04-12,111000.4,360975.93,0.0,0.0
2011-04-13,111000.4,365126.49,0.0,0.0
2011-04-14,111000.4,364876.13,0.0,0.0
2011-04-15,111000.4,357562.34,0.0,0.0
2011-04-18,111000.4,357929.84,0.0,0.0
2011-04-19,111000.4,361328.12,0.0,0.0
2011-04-20,111000.4,366963.33,0.0,0.0
2011-04-21,111000.4,372359.28,0.0,0.0
2011-04-25,111004.54,374604.88,0.4988,17.6
2011-04-26,111114.76,375339.68,0.4983,17.68
2011-04-27,111324.32,376005.26,0.9963,39.95
2011-04-28,111374.34,374439.09,0.9959,39.97
2011-04-29,111527.23,378454.79,1.4938,46.0
2011-05-02,111361.31,374697.31,1.496,45.92
2011-05-03,110861.92,372834.92,1.5027,45.67
2011-05-04,110620.9,373336.82,1.506,45.56
2011-05-05,110295.35,371065.18,1.5105,45.4
2011-05-06,110688.54,372983.59,1.5051,45.59
2011-05-09,111001.53,375104.49,1.5008,45.74
2011-05-10,111387.93,377285.74,1.4956,45.93
2011-05-11,111014.38,374944.85,1.5007,45.75
2011-05-12,111460.0,376374.93,1.4947,45.97
2011-05-13,110282.27,365768.9,1.5106,45.39
2011-05-16,109692.53,358042.66,1.0111,39.58
2011-05-17,109560.09,360925.05,0.5069,22.12
2011-05-18,109776.67,364702.46,0.5059,22.28
2011-05-19,109834.91,364739.36,0.5057,22.32
2011-05-20,109640.17,361059.17,0.5066,22.18
2011-05-23,109307.49,359245.49,0.0,0.0
2011-05-24,109307.49,357818.54,0.0,0.0
2011-05-25,109307.49,361602.92,0.0,0.0
2011-05-26,109307.49,361775.11,0.0,0.0
2011-05-27,109307.49,365533.46,0.0,0.0
2011-05-31,109307.49,374996.17,0.0,0.0
2011-06-01,109307.49,369755.63,0.0,0.0
2011-06-02,109307.49,370179.7,0.0,0.0
2011-06-03,109307.49,365852.7,0.0,0.0
2011-06-06,109307.49,360785.84,0.0,0.0
2011-06-07,109307.49,356704.11,0.0,0.0
2011-06-08,109307.49,355305.2,0.0,0.0
2011-06-09,109307.49,354295.12,0.0,0.0
2011-06-10,109307.49,348684.06,0.0,0.0
2011-06-13,109307.49,348366.14,0.0,0.0
2011-06-14,109307.49,353396.21,0.0,0.0
2011-06-15,109307.49,347409.82,0.0,0.0
2011-06-16,109307.49,344614.75,0.0,0.0
2011-06-17,109307.49,338848.1,0.0,0.0
2011-06-20,109307.49,335448.94,0.0,0.0
2011-06-21,109307.49,344330.56,0.0,0.0
2011-06-22,109307.49,341147.46,0.0,0.0
2011-06-23,109307.49,347318.13,0.0,0.0
2011-06-24,109307.49,341777.33,0.0,0.0
2011-06-27,109307.49,345943.55,0.0,0.0
2011-06-28,109307.49,349970.95,0.0,0.0
2011-06-29,109307.49,350498.36,0.0,0.0
2011-06-30,109307.49,353494.2,0.0,0.0
2011-07-01,109307.49,361030.58,0.0,0.0
2011-07-05,109323.2,365497.36,0.9985,36.72
2011-07-06,109500.96,366846.48,1.4959,49.75
2011-07-07,110198.62,372182.43,1.4865,50.07
2011-07-08,110091.72,371323.33,1.4879,50.02
2011-07-11,109127.32,364930.03,1.5011,49.58
2011-07-12,108887.05,364609.6,1.5044,49.47
2011-07-13,109207.09,367845.94,1.5,49.62
2011-07-14,108839.54,364802.03,1.505,49.45
2011-07-15,109489.61,376659.14,1.4961,49.75
2011-07-18,109533.83,380907.12,0.9972,30.01
2011-07-19,110060.94,385670.03,0.9924,30.35
2011-07-20,110391.32,390713.45,0.9894,30.56
2011-07-21,110527.25,394291.15,0.9882,30.64
2011-07-22,110958.75,400285.68,0.9844,30.91
2011-07-25,111132.58,402850.01,0.9828,31.02
2011-07-26,111377.81,405379.25,0.9807,31.17
2011-07-27,110464.89,394423.68,0.9888,30.6
2011-07-28,110464.48,394215.17,0.9888,30.6
2011-07-29,110351.64,392408.8,0.9898,30.53
2011-08-01,110522.64,398330.21,0.9883,30.64
2011-08-02,109715.93,390289.56,0.4981,14.37
2011-08-03,109864.29,394846.83,0.4974,14.48
2011-08-04,109248.14,376999.84,0.5002,14.0
2011-08-05,109349.47,373432.64,0.0,0.0
2011-08-08,109349.47,351739.44,0.0,0.0
2011-08-09,109349.47,372235.46,0.0,0.0
2011-08-10,109349.47,359842.88,0.0,0.0
2011-08-11,109349.47,372158.5,0.0,0.0
2011-08-12,109349.47,373420.34,0.0,0.0
2011-08-15,109349.47,378895.04,0.0,0.0
2011-08-16,109349.47,373873.52,0.0,0.0
2011-08-17,109349.47,372664.34,0.0,0.0
2011-08-18,109349.47,356377.24,0.0,0.0
2011-08-19,109349.47,347356.09,0.0,0.0
2011-08-22,109349.47,348970.98,0.0,0.0
2011-08-23,109349.47,366801.03,0.0,0.0
2011-08-24,109349.47,368869.43,0.0,0.0
2011-08-25,109349.47,364834.4,0.0,0.0
2011-08-26,109349.47,374026.71,0.0,0.0
2011-08-29,109349.47,381474.44,0.0,0.0
2011-08-30,109349.47,382696.65,0.0,0.0
2011-08-31,109349.47,378655.0,0.0,0.0
2011-09-01,109349.47,374876.37,0.0,0.0
2011-09-02,109349.47,367631.32,0.0,0.0
2011-09-06,109349.47,371488.69,0.0,0.0
2011-09-07,109349.47,379260.79,0.0,0.0
2011-09-08,109349.47,378972.76,0.0,0.0
2011-09-09,109349.47,371871.36,0.0,0.0
2011-09-12,109349.47,375254.75,0.0,0.0
2011-09-13,109349.47,379510.06,0.0,0.0
2011-09-14,109349.47,385293.78,0.0,0.0
2011-09-15,109349.47,389959.37,0.0,0.0
2011-09-16,109462.84,395252.0,0.4993,9.5
2011-09-19,109751.82,401280.01,0.4979,9.74
2011-09-20,109799.08,401284.11,0.4977,9.78
2011-09-21,109765.06,397925.91,0.4979,9.75
2011-09-22,109497.11,385593.42,0.4991,9.53
2011-09-23,109561.5,388753.47,0.4988,9.58
2011-09-26,109532.16,389512.97,0.4989,9.56
2011-09-27,109430.64,388332.47,0.4994,9.47
2011-09-28,109372.22,383991.59,0.4997,9.42
2011-09-29,109205.01,378771.71,0.5004,9.29
2011-09-30,108964.84,369034.51,0.5015,9.09
2011-10-03,108778.1,359861.43,0.0,0.0
2011-10-04,108778.1,362869.52,0.0,0.0
2011-10-05,108778.1,368974.63,0.0,0.0
2011-10-06,108778.1,371554.51,0.0,0.0
2011-10-07,108778.1,367160.26,0.0,0.0
2011-10-10,108778.1,384543.59,0.0,0.0
2011-10-11,108778.1,392197.27,0.0,0.0
2011-10-12,108778.1,394213.88,0.0,0.0
2011-10-13,108778.1,401578.85,0.0,0.0
2011-10-14,108778.1,414921.31,0.0,0.0
2011-10-17,108778.1,409906.9,0.0,0.0
2011-10-18,108778.1,414252.31,0.0,0.0
2011-10-19,108778.1,396759.38,0.0,0.0
2011-10-20,108778.1,392972.93,0.0,0.0
2011-10-21,108778.1,393025.35,0.0,0.0
2011-10-24,108778.1,403992.66,0.0,0.0
2011-10-25,108778.1,395189.98,0.0,0.0
2011-10-26,108778.1,397894.32,0.0,0.0
2011-10-27,108778.1,404821.62,0.0,0.0
2011-10-28,108778.1,406062.15,0.0,0.0
2011-10-31,108778.1,402162.47,0.0,0.0
2011-11-01,108778.1,392326.05,0.0,0.0
2011-11-02,108778.1,393466.81,0.0,0.0
2011-11-03,108778.1,401380.19,0.0,0.0
2011-11-04,108778.1,399610.08,0.0,0.0
2011-11-07,108778.1,400624.15,0.0,0.0
2011-11-08,108778.1,406601.58,0.0,0.0
2011-11-09,108778.1,394790.64,0.0,0.0
2011-11-10,108778.1,388412.8,0.0,0.0
2011-11-11,108778.1,391571.37,0.0,0.0
2011-11-14,108778.1,387522.87,0.0,0.0
2011-11-15,108778.1,394833.06,0.0,0.0
2011-11-16,108778.1,390182.95,0.0,0.0
2011-11-17,108778.1,382156.37,0.0,0.0
2011-11-18,108778.1,379434.17,0.0,0.0
2011-11-21,108778.1,375169.77,0.0,0.0
2011-11-22,108778.1,380975.14,0.0,0.0
2011-11-23,108778.1,371294.09,0.0,0.0
2011-11-25,108778.1,367169.13,0.0,0.0
2011-11-28,108778.1,381088.27,0.0,0.0
2011-11-29,108778.1,378811.78,0.0,0.0
2011-11-30,108778.1,389794.93,0.0,0.0
2011-12-01,108778.1,395512.74,0.0,0.0
2011-12-02,108778.1,396927.84,0.0,0.0
2011-12-05,108742.72,399471.05,0.5001,9.06
2011-12-06,108713.12,397349.47,0.5003,9.03
2011-12-07,108707.14,395985.57,0.5003,9.03
2011-12-08,108591.61,394084.01,0.5008,8.93
2011-12-09,108770.58,398415.73,0.5,9.08
2011-12-12,108738.62,395519.04,0.5002,9.05
2011-12-13,108742.4,392103.14,0.5001,9.06
2011-12-14,108623.4,383851.52,0.5007,8.96
2011-12-15,108646.54,382898.4,0.5006,8.98
2011-12-16,108747.6,384936.3,0.5001,9.06
2011-12-19,108682.59,383900.79,0.5004,9.01
2011-12-20,108817.01,396730.5,0.4998,9.12
2011-12-21,108745.39,395774.41,0.5001,9.06
2011-12-22,108839.15,399406.57,0.9991,21.65
2011-12-23,109057.01,402839.99,0.9971,21.81
2011-12-27,109278.53,405381.66,0.995,21.96
2011-12-28,109136.64,401373.2,0.9963,21.86
2011-12-29,109264.08,404285.53,0.9952,21.95
2011-12-30,109315.06,404091.04,0.9947,21.99
2012-01-03,109835.54,411285.67,0.99,22.36
2012-01-04,109956.41,413527.46,0.9889,22.44
2012-01-05,109967.7,417106.0,0.9888,22.45
2012-01-06,110005.69,418594.75,1.4881,37.59
2012-01-09,109494.2,415407.48,1.495,37.3
2012-01-10,109766.77,416673.43,0.9958,28.43
2012-01-11,109777.69,415850.06,0.9957,28.44
2012-01-12,109804.2,415418.99,0.9955,28.46
2012-01-13,109689.61,412802.43,0.9965,28.38
2012-01-17,110009.73,416064.3,0.9936,28.59
2012-01-18,110385.42,421081.85,0.9903,28.84
2012-01-19,110445.4,422122.93,0.9897,28.87
2012-01-20,110164.31,411833.17,0.9922,28.69
2012-01-23,110413.59,417226.38,0.99,28.85
2012-01-24,110142.16,413108.5,0.9924,28.68
2012-01-25,111257.22,428903.7,0.9825,29.39
2012-01-26,111127.22,426907.97,0.9836,29.31
2012-01-27,111269.82,430344.99,0.9824,29.4
2012-01-30,111480.47,433411.07,0.9805,29.53
2012-01-31,111622.36,435798.76,0.9793,29.62
2012-02-01,111753.54,436532.93,0.9781,29.71
2012-02-02,111771.62,437835.02,0.978,29.72
2012-02-03,112169.72,443398.23,0.9745,29.97
2012-02-06,112360.08,447022.86,1.4715,55.76
2012-02-07,112637.07,450089.68,1.4679,55.87
2012-02-08,113086.98,457038.83,1.4621,56.05
2012-02-09,113817.91,467850.2,1.4527,56.33
2012-02-10,113484.75,466053.77,1.4569,56.2
2012-02-13,114181.21,473572.29,1.4481,56.47
2012-02-14,114425.69,477948.89,1.445,56.56
2012-02-15,113759.71,469577.47,1.4534,56.31
2012-02-16,114483.24,473937.13,1.4442,56.58
2012-02-17,114499.96,472126.64,1.444,56.59
2012-02-21,115000.7,481400.31,1.4377,56.78
2012-02-22,114760.59,479158.57,1.4408,56.69
2012-02-23,115125.28,481636.66,1.4362,56.82
2012-02-24,115459.33,485671.22,1.432,56.95
2012-02-27,115649.44,486999.84,1.4297,57.02
2012-02-28,116253.15,494033.97,1.4223,57.24
2012-02-29,116257.27,497768.55,1.9222,72.69
2012-03-01,116746.58,500091.71,1.9141,72.8
2012-03-02,116632.88,500662.64,1.916,72.78
2012-03-05,115704.98,490619.74,1.9313,72.56
2012-03-06,114521.98,486862.58,1.4438,57.14
2012-03-07,114700.94,487949.28,0.953,31.93
2012-03-08,115286.68,495825.6,0.9482,32.28
2012-03-09,115473.36,497278.64,0.9466,32.39
2012-03-12,115715.93,501510.34,0.9446,32.53
2012-03-13,116615.83,514465.68,0.9373,33.05
2012-03-14,117333.71,526887.5,1.4279,58.57
2012-03-15,117420.85,525619.15,1.4269,58.6
2012-03-16,117286.91,525911.29,1.4285,58.55
2012-03-19,118069.67,537039.67,1.419,58.83
2012-03-20,118240.97,539444.83,1.9161,77.45
2012-03-21,118302.48,538017.87,1.9151,77.46
2012-03-22,118152.67,536329.93,1.9175,77.43
2012-03-23,118002.78,534243.69,1.92,77.41
2012-03-26,119359.8,543167.36,1.8981,77.66
2012-03-27,119472.84,547911.5,1.8963,77.68
2012-03-28,119659.21,551370.38,1.8934,77.72
2012-03-29,119012.85,545747.36,1.9037,77.6
2012-03-30,118495.04,538987.09,1.912,77.5
2012-04-02,119763.73,551953.83,1.8917,77.74
2012-04-03,119852.94,557543.07,1.8903,77.75
2012-04-04,118860.04,551841.9,1.9061,77.57
2012-04-05,119188.92,557634.78,1.9009,77.63
2012-04-09,118748.27,558097.66,1.9079,77.55
2012-04-10,117816.09,551136.62,1.4287,52.92
2012-04-11,118193.69,551421.67,0.9592,36.84
2012-04-12,118598.97,552286.27,0.9559,37.05
2012-04-13,117080.88,536481.18,0.9683,36.24
2012-04-16,115829.51,517967.28,0.4692,17.15
2012-04-17,115759.02,538088.39,0.0,0.0
2012-04-18,115759.02,536473.81,0.0,0.0
2012-04-19,115759.02,521398.6,0.0,0.0
2012-04-20,115759.02,511200.13,0.0,0.0
2012-04-23,115759.02,509639.31,0.0,0.0
2012-04-24,115759.02,501649.83,0.0,0.0
2012-04-25,115759.02,535752.12,0.0,0.0
2012-04-26,115759.02,535250.0,0.0,0.0
2012-04-27,115759.02,532192.06,0.0,0.0
2012-04-30,115759.02,518893.16,0.0,0.0
2012-05-01,115759.02,518468.1,0.0,0.0
2012-05-02,115759.02,520240.0,0.0,0.0
2012-05-03,115759.02,516884.63,0.0,0.0
2012-05-04,115759.02,502875.01,0.0,0.0
2012-05-07,115759.02,507173.63,0.0,0.0
2012-05-08,115759.02,506630.61,0.0,0.0
2012-05-09,115759.02,506794.76,0.0,0.0
2012-05-10,115759.02,507838.35,0.0,0.0
2012-05-11,115759.02,506535.63,0.0,0.0
2012-05-14,115759.02,500291.75,0.0,0.0
2012-05-15,115759.02,497236.46,0.0,0.0
2012-05-16,115759.02,493549.6,0.0,0.0
2012-05-17,115525.63,481652.63,0.501,10.73
2012-05-18,115149.6,477540.57,0.0,0.0
2012-05-21,115149.6,500188.23,0.0,0.0
2012-05-22,115149.6,495772.2,0.0,0.0
2012-05-23,115149.6,506051.41,0.0,0.0
2012-05-24,115149.6,501163.36,0.0,0.0
2012-05-25,115149.6,498677.48,0.0,0.0
2012-05-29,115149.6,506742.43,0.0,0.0
2012-05-30,115149.6,509527.94,0.0,0.0
2012-05-31,115149.6,507349.55,0.0,0.0
2012-06-01,115149.6,493264.1,0.0,0.0
2012-06-04,115149.6,495687.36,0.0,0.0
2012-06-05,115149.6,495110.55,0.0,0.0
2012-06-06,115149.6,503572.49,0.0,0.0
2012-06-07,115149.6,502120.38,0.0,0.0
2012-06-08,115149.6,508838.3,0.0,0.0
2012-06-11,115149.6,501414.96,0.0,0.0
2012-06-12,115149.6,505500.14,0.0,0.0
2012-06-13,115149.6,501377.74,0.0,0.0
2012-06-14,115149.6,500745.81,0.0,0.0
2012-06-15,115149.6,504019.69,0.0,0.0
2012-06-18,115149.6,512630.0,0.0,0.0
2012-06-19,115260.52,517401.64,0.9953,28.15
2012-06-20,115244.75,516472.64,0.9955,28.15
2012-06-21,114479.31,507291.04,1.0021,27.66
2012-06-22,114765.57,511620.35,0.9996,27.85
2012-06-25,114204.35,501379.34,1.0046,27.49
2012-06-26,114380.72,503231.78,1.003,27.6
2012-06-27,114621.48,506682.15,1.0009,27.75
2012-06-28,114406.3,502582.2,1.0028,27.62
2012-06-29,115291.8,516604.24,0.9951,28.17
2012-07-02,115388.87,521251.32,0.9942,28.23
2012-07-03,115716.42,527645.65,1.4894,40.48
2012-07-05,115894.19,534659.87,1.4872,40.57
2012-07-06,115441.82,529825.36,1.493,40.34
2012-07-09,115579.1,534343.7,1.4912,40.41
2012-07-10,115146.98,528795.68,1.4968,40.19
2012-07-11,114977.42,524661.48,1.499,40.1
2012-07-12,114625.15,520155.25,1.5036,39.92
2012-07-13,115276.44,525848.02,1.4951,40.25
2012-07-16,115238.48,526873.71,1.4956,40.24
2012-07-17,115435.23,526807.73,1.4931,40.34
2012-07-18,115752.12,529134.64,1.489,40.5
2012-07-19,116155.72,536192.34,1.4838,40.71
2012-07-20,115557.02,530000.01,1.4915,40.4
2012-07-23,115185.73,529973.89,1.4963,40.21
2012-07-24,114851.99,526549.12,1.5007,40.03
2012-07-25,114024.75,510618.32,1.0061,27.91
2012-07-26,114501.58,512031.6,1.0019,28.21
2012-07-27,115176.34,522676.26,0.9961,28.63
2012-07-30,115164.39,528244.78,0.9962,28.62
2012-07-31,115037.39,538615.37,0.9973,28.55
2012-08-01,114976.86,535592.48,0.9978,28.51
2012-08-02,114802.19,535676.93,0.9993,28.4
2012-08-03,115435.23,543698.08,0.9938,28.79
2012-08-06,115588.75,549210.32,0.9925,28.89
2012-08-07,115743.33,548699.97,1.4899,41.53
2012-08-08,115733.13,548419.72,1.49,41.52
2012-08-09,115816.31,550323.99,1.4889,41.57
2012-08-10,115877.44,550732.0,1.4882,41.6
2012-08-13,116100.13,558307.45,1.4853,41.71
2012-08-14,116149.17,559687.68,1.4847,41.73
2012-08-15,116189.94,558866.44,1.4842,41.75
2012-08-16,116640.48,564216.04,1.4784,41.98
2012-08-17,117010.19,571928.78,1.4738,42.16
2012-08-20,117432.14,582592.7,1.4685,42.37
2012-08-21,117101.76,575942.79,1.4726,42.21
2012-08-22,117474.54,585023.68,1.4679,42.39
2012-08-23,117049.23,579726.37,1.4733,42.18
2012-08-24,117270.45,581371.67,1.4705,42.29
2012-08-27,117590.66,587742.69,1.4665,42.45
2012-08-28,117552.53,587802.83,1.467,42.43
2012-08-29,117535.42,588118.48,1.4672,42.42
2012-08-30,116910.56,580220.66,1.9774,59.74
2012-08-31,117237.0,581711.32,1.9719,59.86
2012-09-04,117308.64,585495.74,1.9707,59.88
2012-09-05,117156.79,582514.84,1.9732,59.83
2012-09-06,118580.58,590458.5,1.9495,60.31
2012-09-07,118927.38,592962.75,1.9438,60.43
2012-09-10,118037.36,580353.04,1.9585,60.13
2012-09-11,117753.32,578565.61,1.9632,60.03
2012-09-12,118036.42,584813.57,1.9585,60.13
2012-09-13,119299.05,595711.21,1.9378,60.55
2012-09-14,119831.89,602145.15,1.9292,60.73
2012-09-17,119983.02,606511.99,1.9267,60.78
2012-09-18,120281.5,608916.5,1.9219,60.87
2012-09-19,120604.41,610432.52,1.9168,60.98
2012-09-20,120528.42,608056.61,1.918,60.95
2012-09-21,120588.5,609436.13,1.9171,60.97
2012-09-24,120709.16,604807.22,1.9151,61.01
2012-09-25,119871.35,592493.32,1.9285,60.74
2012-09-26,119570.12,586630.52,1.9334,60.64
2012-09-27,120101.94,598085.94,0.9696,32.16
2012-09-28,119710.65,588654.11,0.9728,31.93
2012-10-01,119750.11,583952.3,0.9724,31.96
2012-10-02,119639.26,584946.59,0.4909,19.03
2012-10-03,119805.0,591888.89,0.4902,19.14
2012-10-04,119971.95,591267.88,0.4895,19.26
2012-10-05,119959.92,581247.62,0.4896,19.25
2012-10-08,119664.83,570433.24,0.4908,19.05
2012-10-09,119251.23,566106.58,0.4925,18.77
2012-10-10,119265.37,568466.02,0.4924,18.78
2012-10-11,119473.52,561137.79,0.4916,18.92
2012-10-12,119271.08,561118.11,0.4924,18.78
2012-10-15,119157.68,564790.87,0.4929,18.71
2012-10-16,119269.58,576322.22,0.4924,18.78
2012-10-17,119594.14,573948.02,0.4911,19.0
2012-10-18,117774.6,559442.63,0.4987,17.75
2012-10-19,118061.02,540601.87,0.0,0.0
2012-10-22,118061.02,555401.62,0.0,0.0
2012-10-23,118061.02,542769.91,0.0,0.0
2012-10-24,118061.02,544071.97,0.0,0.0
2012-10-25,118061.02,539603.61,0.0,0.0
2012-10-26,118061.02,535596.87,0.0,0.0
2012-10-31,118061.02,530238.49,0.0,0.0
2012-11-01,118061.02,533891.06,0.0,0.0
2012-11-02,118061.02,520729.48,0.0,0.0
2012-11-05,118061.02,526796.97,0.0,0.0
2012-11-06,118061.02,525775.8,0.0,0.0
2012-11-07,118061.02,506288.59,0.0,0.0
2012-11-08,118061.02,491414.6,0.0,0.0
2012-11-09,118061.02,497268.11,0.0,0.0
2012-11-12,118061.02,494204.06,0.0,0.0
2012-11-13,118061.02,493040.88,0.0,0.0
2012-11-14,118061.02,487173.04,0.0,0.0
2012-11-15,118061.02,479517.31,0.0,0.0
2012-11-16,118061.02,480525.12,0.0,0.0
2012-11-19,118061.02,508670.5,0.0,0.0
2012-11-20,118061.02,505283.58,0.0,0.0
2012-11-21,118061.02,506327.11,0.0,0.0
2012-11-23,118061.02,513738.57,0.0,0.0
2012-11-26,118061.02,525087.13,0.0,0.0
2012-11-27,118061.02,522924.42,0.0,0.0
2012-11-28,118061.02,523766.05,0.0,0.0
2012-11-29,118061.02,528381.96,0.0,0.0
2012-11-30,118061.02,526213.87,0.0,0.0
2012-12-03,117914.08,525739.16,0.5004,10.77
2012-12-04,117836.98,519624.89,0.5008,10.71
2012-12-05,117778.34,495201.58,0.501,10.67
2012-12-06,117838.81,501212.01,0.5007,10.71
2012-12-07,117712.39,491510.55,0.5013,10.62
2012-12-10,117734.5,490586.13,0.5012,10.64
2012-12-11,117943.85,500358.73,0.5003,10.79
2012-12-12,117838.36,498525.26,1.0011,31.15
2012-12-13,117785.3,492764.21,1.0015,31.12
2012-12-14,117683.27,479864.82,1.0024,31.06
2012-12-17,118305.97,488020.89,0.9971,31.42
2012-12-18,118578.47,498397.15,0.9948,31.58
2012-12-19,118380.57,493408.08,0.9965,31.47
2012-12-20,118560.29,490848.02,0.995,31.57
2012-12-21,118048.23,487005.2,0.9993,31.27
2012-12-24,117862.77,486537.84,1.0009,31.17
2012-12-26,117751.06,481530.36,1.0018,31.1
2012-12-27,117466.91,482291.98,0.5023,10.98
2012-12-28,117352.19,477494.3,0.5028,10.9
2012-12-31,117486.82,493978.61,0.5022,11.0
2013-01-02,117776.74,509025.49,0.501,11.22
2013-01-03,117705.85,504480.47,0.999,31.54
2013-01-04,118072.04,497411.7,0.9959,31.75
2013-01-07,117947.62,494111.48,0.997,31.68
2013-01-08,117852.25,494011.41,0.9978,31.62
2013-01-09,118000.98,488773.81,0.9965,31.71
2013-01-10,118252.61,493602.8,0.9944,31.85
2013-01-11,118223.75,491420.05,0.9946,31.84
2013-01-14,117901.53,477850.64,0.9974,31.65
2013-01-15,117948.63,467301.4,0.997,31.68
2013-01-16,117767.41,479501.35,0.9985,31.57
2013-01-17,117852.51,477691.45,0.9978,31.62
2013-01-18,117869.64,475101.14,0.497,20.64
2013-01-22,118000.84,477990.04,0.4965,20.73
2013-01-23,118040.2,487939.56,0.4963,20.75
2013-01-24,118046.76,448743.01,0.4963,20.76
2013-01-25,118223.66,442849.35,0.9943,34.91
2013-01-28,118129.25,449402.72,0.9951,34.86
2013-01-29,118291.12,454444.07,0.9938,34.95
2013-01-30,118197.68,453328.92,0.9946,34.9
2013-01-31,118178.05,452375.4,0.9947,34.89
2013-02-01,118870.06,454093.85,0.9889,35.27
2013-02-04,118225.31,443901.84,0.9943,34.91
2013-02-05,118621.27,455833.39,0.991,35.13
2013-02-06,118737.09,455613.22,0.99,35.19
2013-02-07,118787.73,462726.03,0.9896,35.22
2013-02-08,119177.55,468817.74,0.9864,35.43
2013-02-11,119061.61,472016.49,1.4876,56.89
2013-02-12,118959.37,463939.94,1.4889,56.85
2013-02-13,119118.6,463581.02,1.4869,56.91
2013-02-14,119243.52,464734.13,1.4854,56.95
2013-02-15,119250.71,461039.33,1.4853,56.96
2013-02-19,119930.03,462314.25,1.4769,57.2
2013-02-20,118904.38,452546.72,1.4896,56.83
2013-02-21,118516.76,450339.77,0.9919,35.63
2013-02-22,118850.1,454923.11,0.9891,35.81
2013-02-25,118178.82,447518.16,0.9947,35.45
2013-02-26,118245.95,451828.79,0.4987,14.75
2013-02-27,118458.95,451243.79,0.4978,14.9
2013-02-28,118490.29,449412.34,0.4977,14.92
2013-03-01,118600.43,443348.91,0.4972,15.0
2013-03-04,118938.35,438433.22,0.4958,15.25
2013-03-05,119315.79,448219.68,0.4943,15.51
2013-03-06,118908.15,443967.31,1.4969,54.96
2013-03-07,119038.3,447258.53,1.4953,55.01
2013-03-08,119146.56,448175.36,1.4939,55.05
2013-03-11,119378.99,452281.83,1.491,55.14
2013-03-12,119082.75,445521.29,1.4947,55.03
2013-03-13,119038.33,445234.81,1.4953,55.01
2013-03-14,119163.04,447765.6,1.4937,55.06
2013-03-15,118745.29,453497.78,1.4989,54.9
2013-03-18,118414.69,460029.61,1.5031,54.77
2013-03-19,118392.66,459271.29,1.5034,54.77
2013-03-20,118796.4,458886.85,1.4983,54.92
2013-03-21,118254.18,457832.32,1.5052,54.71
2013-03-22,118646.03,464233.47,1.5002,54.86
2013-03-25,118445.84,464810.05,1.5027,54.79
2013-03-26,118826.36,464164.73,1.4979,54.93
2013-03-27,118640.01,457903.0,1.5003,54.86
2013-03-28,118585.24,451737.68,1.501,54.84
2013-04-01,118325.4,442328.42,1.0059,39.93
2013-04-02,118623.79,444124.38,1.0033,40.08
2013-04-03,118164.31,443874.94,1.0072,39.85
2013-04-04,118272.2,440498.34,1.0063,39.9
2013-04-05,117975.39,436585.1,1.0088,39.75
2013-04-08,118260.72,437958.91,1.0064,39.9
2013-04-09,118496.24,439553.41,1.0044,40.02
2013-04-10,119238.18,447801.06,0.9982,40.39
2013-04-11,119312.21,446880.85,0.9975,40.43
2013-04-12,119233.27,444708.38,0.9982,40.39
2013-04-15,118195.05,435621.16,1.007,39.87
2013-04-16,118857.67,441986.13,1.0014,40.2
2013-04-17,118048.09,424601.67,1.0082,39.79
2013-04-18,117527.35,414891.49,0.5063,21.12
2013-04-19,117743.08,418046.36,0.5054,21.26
2013-04-22,117854.17,423734.63,0.5049,21.33
2013-04-23,118113.39,430659.57,0.5038,21.51
2013-04-24,118129.49,431904.72,0.5037,21.52
2013-04-25,118232.53,433894.65,0.5033,21.59
2013-04-26,118187.45,438400.63,0.5035,21.56
2013-04-29,118358.11,449214.06,0.5027,21.67
2013-04-30,118601.64,458589.24,1.4981,53.83
2013-05-01,118192.74,455269.88,1.5033,53.67
2013-05-02,118886.77,461215.2,1.4945,53.94
2013-05-03,119719.93,466470.74,1.4841,54.26
2013-05-06,120174.35,474922.23,1.4785,54.44
2013-05-07,120211.99,472858.41,1.478,54.45
2013-05-08,120752.64,478686.67,1.4714,54.66
2013-05-09,120606.06,473904.56,1.4732,54.6
2013-05-10,120997.07,474280.18,1.4684,54.75
2013-05-13,120751.73,474436.25,1.9724,67.84
2013-05-14,121556.98,469511.92,1.9594,68.05
2013-05-15,122567.22,463725.97,1.9432,68.31
2013-05-16,122111.98,465813.17,1.9504,68.2
2013-05-17,122960.54,466739.0,1.937,68.41
2013-05-20,122878.54,472652.74,1.9383,68.39
2013-05-21,123001.27,470716.11,1.9363,68.43
2013-05-22,121690.38,468194.25,1.9572,68.08
2013-05-23,121686.74,468458.77,1.9573,68.08
2013-05-24,121373.47,469154.25,1.9623,68.0
2013-05-28,121825.18,467976.03,1.955,68.12
2013-05-29,121195.73,468329.95,1.9652,67.95
2013-05-30,121633.24,473544.25,1.4721,54.58
2013-05-31,120857.04,471273.32,1.4816,54.29
2013-06-03,120898.12,471709.36,0.9889,32.52
2013-06-04,120798.92,469703.76,0.9897,32.46
2013-06-05,120154.68,465457.99,0.995,32.1
2013-06-06,120251.12,462391.46,0.5031,13.04
2013-06-07,120471.24,467351.84,0.5022,13.2
2013-06-10,120460.24,466531.08,0.5022,13.19
2013-06-11,120163.08,463349.43,0.5035,12.98
2013-06-12,120031.0,458202.63,0.504,12.88
2013-06-13,119952.87,462764.58,0.0,0.0
2013-06-14,119952.87,458370.85,0.0,0.0
2013-06-17,119952.87,461629.42,0.0,0.0
2013-06-18,119952.87,463192.77,0.0,0.0
2013-06-19,119952.87,457979.65,0.0,0.0
2013-06-20,119952.87,449946.69,0.0,0.0
2013-06-21,119952.87,447050.3,0.0,0.0
2013-06-24,119952.87,437572.41,0.0,0.0
2013-06-25,119952.87,438038.82,0.0,0.0
2013-06-26,119952.87,436268.33,0.0,0.0
2013-06-27,119952.87,433871.8,0.0,0.0
2013-06-28,119952.87,435952.67,0.0,0.0
2013-07-01,119952.87,445245.57,0.0,0.0
2013-07-02,119952.87,450519.56,0.0,0.0
2013-07-03,119952.87,452646.26,0.0,0.0
2013-07-05,119952.87,452054.29,0.0,0.0
2013-07-08,119952.87,451712.84,0.0,0.0
2013-07-09,119952.87,456938.42,0.0,0.0
2013-07-10,119952.87,456694.63,0.0,0.0
2013-07-11,119952.87,463868.8,0.0,0.0
2013-07-12,120020.87,463852.31,1.4958,57.41
2013-07-15,120206.92,464722.95,1.4935,57.47
2013-07-16,119968.35,466014.31,1.4965,57.39
2013-07-17,120067.73,465943.35,1.4953,57.42
2013-07-18,119971.73,465987.38,1.4965,57.39
2013-07-19,119210.15,459160.35,1.003,40.56
2013-07-22,119327.41,461551.83,1.002,40.62
2013-07-23,119104.01,455855.53,1.0039,40.51
2013-07-24,119084.93,469386.04,1.0041,40.5
2013-07-25,119291.19,467049.38,1.0023,40.6
2013-07-26,119441.39,468471.03,1.0011,40.67
2013-07-29,119320.27,472231.15,1.0021,40.61
2013-07-30,119443.47,477392.82,1.0011,40.67
2013-07-31,119504.59,476747.92,1.0005,40.7
2013-08-01,120034.25,482218.72,0.9961,40.97
2013-08-02,120210.19,486725.44,0.9947,41.05
2013-08-05,120188.09,491099.62,0.9949,41.04
2013-08-06,119647.71,486659.48,1.5016,53.24
2013-08-07,119512.05,485716.97,1.5033,53.19
2013-08-08,119822.47,483956.15,1.4994,53.31
2013-08-09,119050.08,478815.36,1.0044,41.12
2013-08-12,119075.53,486243.75,1.0042,41.13
2013-08-13,119282.97,500288.49,1.0024,41.24
2013-08-14,119063.15,506064.32,1.0043,41.13
2013-08-15,118526.57,503893.86,1.5111,52.38
2013-08-16,118464.4,506462.08,0.5025,11.75
2013-08-19,118244.46,509890.84,0.5035,11.59
2013-08-20,118244.46,505954.38,0.5035,11.59
2013-08-21,118180.31,506676.12,0.5037,11.54
2013-08-22,118253.63,508315.07,0.5034,11.59
2013-08-23,118253.63,507095.0,0.5034,11.59
2013-08-26,118281.12,507944.04,0.5033,11.61
2013-08-27,118107.0,495531.12,0.504,11.48
2013-08-28,118107.0,497076.48,0.504,11.48
2013-08-29,118079.5,498496.15,0.5042,11.46
2013-08-30,118061.18,494437.7,0.5042,11.45
2013-09-03,118070.34,496993.39,0.5042,11.46
2013-09-04,118198.64,505485.43,0.5037,11.55
2013-09-05,118235.3,504308.87,0.5035,11.58
2013-09-06,118180.31,506081.49,0.5037,11.54
2013-09-09,118409.42,513297.81,0.5028,11.71
2013-09-10,118667.63,507284.71,1.0002,30.12
2013-09-11,118864.5,491680.36,0.9986,30.24
2013-09-12,118703.78,494393.38,1.5003,48.48
2013-09-13,118712.57,489419.27,1.5002,48.49
2013-09-16,118632.04,480030.94,1.5012,48.45
2013-09-17,118847.65,483671.48,1.9944,75.41
2013-09-18,120022.55,492446.46,1.9749,75.65
2013-09-19,119837.18,496645.84,1.9779,75.61
2013-09-20,119300.98,493067.38,1.9868,75.5
2013-09-23,118569.26,505516.19,1.9991,75.35
2013-09-24,118557.69,504662.6,1.9993,75.35
2013-09-25,118177.07,498762.84,2.0057,75.27
2013-09-26,118415.17,502109.41,1.5001,57.38
2013-09-27,118159.24,499331.41,1.5034,57.28
2013-09-30,117757.92,495195.27,1.008,30.6
2013-10-01,117969.55,503975.01,1.0061,30.72
2013-10-02,117952.11,505016.65,1.0063,30.71
2013-10-03,117548.8,498818.33,1.0097,30.47
2013-10-04,117928.93,499298.98,1.0065,30.7
2013-10-07,117746.77,501053.0,1.008,30.59
2013-10-08,117208.12,494133.56,1.0127,30.27
2013-10-09,117005.82,497208.21,0.5088,11.92
2013-10-10,117085.56,502208.7,0.0,0.0
2013-10-11,117085.56,504746.51,0.0,0.0
2013-10-14,117085.56,508176.23,0.0,0.0
2013-10-15,116972.08,509860.18,0.4991,20.86
2013-10-16,117236.81,514309.72,0.9969,32.51
2013-10-17,117468.95,516041.02,0.9949,32.65
2013-10-18,117988.87,532229.45,0.9905,32.94
2013-10-21,118191.22,539505.08,1.9835,68.77
2013-10-22,118401.37,538953.52,1.98,68.82
2013-10-23,118598.41,543498.99,1.9767,68.87
2013-10-24,118904.12,547312.11,1.9716,68.95
2013-10-25,118905.49,542580.55,1.9716,68.95
2013-10-28,119058.44,545018.62,1.9691,68.99
2013-10-29,119199.28,539049.72,1.9668,69.03
2013-10-30,119172.4,543458.4,1.9672,69.02
2013-10-31,118977.84,541828.08,1.9704,68.97
2013-11-01,118928.74,540049.43,1.9712,68.96
2013-11-04,119231.16,543249.02,1.9662,69.04
2013-11-05,119069.52,541876.12,1.9689,69.0
2013-11-06,119102.49,539528.43,1.9684,69.0
2013-11-07,117830.57,530687.47,1.9896,68.67
2013-11-08,118285.49,540104.31,0.4957,23.83
2013-11-11,118290.26,538883.2,0.4957,23.83
2013-11-12,118233.02,539689.67,0.4959,23.8
2013-11-13,118458.8,543959.4,0.495,23.94
2013-11-14,118818.0,549448.48,1.4903,62.3
2013-11-15,118954.79,547363.69,1.4886,62.35
2013-11-18,118197.37,541633.47,1.4981,62.11
2013-11-19,117734.4,540536.93,1.001,49.95
2013-11-20,117572.16,536596.52,1.0023,49.88
2013-11-21,118108.56,542607.42,0.9978,50.11
2013-11-22,118416.36,541541.23,0.9952,50.24
2013-11-25,118460.95,546327.62,0.9948,50.26
2013-11-26,118629.93,554226.04,0.9934,50.33
2013-11-27,118907.18,563152.39,1.4893,65.51
2013-11-29,119181.65,569178.57,1.9841,78.89
2013-12-02,118789.86,565792.42,1.9906,78.83
2013-12-03,119054.59,575018.52,1.9862,78.87
2013-12-04,119125.51,575266.67,1.985,78.89
2013-12-05,119029.07,576168.01,1.9866,78.87
2013-12-06,119557.91,572485.18,1.9778,78.96
2013-12-09,120083.17,576944.44,1.9692,79.05
2013-12-10,120042.31,577783.69,1.9699,79.05
2013-12-11,119068.4,573127.22,1.986,78.87
2013-12-12,118746.98,570912.94,1.9913,78.82
2013-12-13,118392.45,565858.58,1.5021,54.82
2013-12-16,118858.26,569474.95,1.4962,54.99
2013-12-17,118671.15,567578.07,1.4985,54.92
2013-12-18,119162.64,567922.75,1.4924,55.11
2013-12-19,119039.21,564076.04,0.9951,41.78
2013-12-20,119501.33,569483.0,0.9912,42.0
2013-12-23,120078.26,585079.15,0.9864,42.28
2013-12-24,120060.86,583416.59,1.4866,72.27
2013-12-26,120444.87,581508.15,1.4818,72.36
2013-12-27,120378.21,579308.87,1.4826,72.34
2013-12-30,120174.15,575370.06,1.4851,72.3
2013-12-31,120743.63,581148.57,1.4781,72.43
2014-01-02,119903.98,574362.39,1.992,89.76
2014-01-03,119280.27,565074.9,2.0024,89.71
2014-01-06,119543.07,568439.06,1.998,89.73
2014-01-07,120762.03,569358.6,1.9778,89.84
2014-01-08,121169.39,572416.56,1.9712,89.87
2014-01-09,120097.65,565267.03,1.9888,89.78
2014-01-10,120271.25,563172.52,1.9859,89.8
2014-01-13,118821.88,562223.52,1.5021,72.53
2014-01-14,119931.43,573948.36,0.9877,42.89
2014-01-15,120181.81,581766.26,0.9856,43.01
2014-01-16,120313.47,580642.95,0.9845,43.07
2014-01-17,120034.64,570937.88,0.9868,42.94
2014-01-21,120501.67,578127.88,0.983,43.16
2014-01-22,120608.08,579885.74,0.9821,43.21
2014-01-23,120415.42,581796.17,0.9837,43.12
2014-01-24,119167.72,569255.39,0.994,42.52
2014-01-27,118479.65,568999.31,0.9998,42.19
2014-01-28,118586.41,543872.34,0.4993,26.5
2014-01-29,118249.69,537517.3,0.5008,26.29
2014-01-30,118583.15,541482.25,0.0,0.0
2014-01-31,118583.15,546155.65,0.0,0.0
2014-02-03,117960.95,539849.44,0.502,12.58
2014-02-04,118022.85,545650.26,0.5018,12.62
2014-02-05,117953.25,548044.98,0.0,0.0
2014-02-06,117953.25,551087.79,0.0,0.0
2014-02-07,117953.25,559069.61,0.0,0.0
2014-02-10,117953.25,564943.93,0.0,0.0
2014-02-11,117953.25,572724.55,0.0,0.0
2014-02-12,117899.46,573931.77,0.5001,13.22
2014-02-13,118315.62,582452.6,0.9966,23.63
2014-02-14,118760.39,584119.14,1.4894,44.1
2014-02-18,118977.0,586414.3,1.4867,44.2
2014-02-19,118867.91,580217.72,1.488,44.15
2014-02-20,119453.05,578481.95,1.4807,44.42
2014-02-21,119318.42,574269.6,1.4824,44.36
2014-02-24,119750.89,577683.19,1.4771,44.56
2014-02-25,119703.13,574457.62,1.4776,44.54
2014-02-26,119662.92,571382.44,1.4781,44.52
2014-02-27,119558.8,577543.33,1.4794,44.47
2014-02-28,119401.0,576010.48,1.4814,44.4
2014-03-03,119004.43,574906.41,1.9872,90.67
2014-03-04,120380.27,579804.38,1.9645,90.78
2014-03-05,120654.3,581404.74,1.9601,90.8
2014-03-06,120596.54,579889.8,1.961,90.8
2014-03-07,120422.93,578952.89,1.9638,90.78
2014-03-10,120182.35,578275.44,1.9678,90.76
2014-03-11,119774.5,580506.31,1.9745,90.73
2014-03-12,120011.41,581863.88,1.9706,90.75
2014-03-13,118394.52,573824.44,1.9975,90.62
2014-03-14,117717.56,568261.65,1.5082,80.1
2014-03-17,118394.86,572134.04,0.5035,47.06
2014-03-18,118792.53,578806.23,0.5018,47.23
2014-03-19,118493.53,577932.72,0.5031,47.1
2014-03-20,118819.44,576441.8,0.5017,47.25
2014-03-21,118355.99,576696.96,0.5037,47.04
2014-03-24,118125.75,577461.9,0.5046,46.94
2014-03-25,118388.88,581498.64,0.5035,47.05
2014-03-26,117727.39,573697.92,1.0091,62.8
2014-03-27,117530.74,569562.68,1.0108,62.73
2014-03-28,117782.14,570279.88,1.0087,62.81
2014-03-31,118232.47,570239.68,1.0048,62.96
2014-04-01,118772.63,578222.44,1.0003,63.12
2014-04-02,118992.05,578727.82,0.9984,63.19
2014-04-03,118787.58,577125.99,1.0001,63.13
2014-04-04,117880.34,564504.71,1.0078,62.84
2014-04-07,117105.99,557711.68,0.509,47.07
2014-04-08,117333.23,563200.58,0.508,47.17
2014-04-09,117928.24,570456.76,0.5055,47.44
2014-04-10,116753.17,558921.18,0.5106,46.91
2014-04-11,116366.53,553277.78,0.0,0.0
2014-04-14,116366.53,557133.51,0.0,0.0
2014-04-15,116366.53,556154.39,0.0,0.0
2014-04-16,116366.53,560809.17,0.0,0.0
2014-04-17,116366.53,560735.47,0.0,0.0
2014-04-21,116366.53,564704.12,0.0,0.0
2014-04-22,116366.53,567145.29,0.0,0.0
2014-04-23,116366.53,561274.52,0.0,0.0
2014-04-24,116366.53,588774.45,0.0,0.0
2014-04-25,116238.09,586861.03,1.0009,27.6
2014-04-28,116935.46,600872.71,0.9949,28.03
2014-04-29,116902.82,602987.8,0.9952,28.01
2014-04-30,116677.94,600936.01,0.9971,27.87
2014-05-01,116792.77,602923.49,0.9961,27.94
2014-05-02,116676.0,602217.91,0.4984,17.23
2014-05-05,116960.32,608603.64,0.4972,17.43
2014-05-06,116738.09,600131.84,0.4982,17.28
2014-05-07,116667.52,598023.53,0.4985,17.23
2014-05-08,116520.27,596219.88,0.4991,17.12
2014-05-09,116437.15,595006.48,0.4995,17.06
2014-05-12,116684.49,604318.82,0.4984,17.24
2014-05-13,116628.05,604814.92,1.4972,58.16
2014-05-14,116397.0,602638.37,1.5001,58.07
2014-05-15,115826.37,597524.1,1.5075,57.87
2014-05-16,116341.43,603149.55,1.5008,58.05
2014-05-19,116816.45,611599.35,1.4947,58.22
2014-05-20,116571.48,610859.5,1.4979,58.13
2014-05-21,117044.85,614393.96,1.4918,58.3
2014-05-22,117285.25,616611.67,1.9874,69.07
2014-05-23,117961.1,623481.34,1.9761,69.25
2014-05-27,119018.42,634533.0,1.9585,69.52
2014-05-28,118782.42,632879.9,1.9624,69.46
2014-05-29,119442.07,640469.46,1.9889,70.49
2014-05-30,119437.97,639363.99,1.989,70.49
2014-06-02,119135.82,635012.06,1.9941,70.42
2014-06-03,119186.73,638452.41,1.9932,70.43
2014-06-04,119549.53,643193.48,1.9872,70.52
2014-06-05,120248.24,647797.31,1.9756,70.69
2014-06-06,120470.82,647490.25,1.972,70.74
2014-06-09,120944.33,654994.14,1.9642,70.86
2014-06-10,121062.46,657287.16,1.9623,70.89
2014-06-11,120857.67,655917.02,1.9656,70.84
2014-06-12,119921.42,647044.79,1.981,70.61
2014-06-13,119849.08,643029.71,1.9822,70.59
2014-06-16,119923.35,645427.4,1.981,70.61
2014-06-17,119956.58,645011.23,1.9804,70.62
2014-06-18,120534.77,647882.95,1.9709,70.76
2014-06-19,120553.08,646181.97,1.9706,70.76
2014-06-20,120238.81,641585.71,1.9758,70.69
2014-06-23,120379.01,642203.82,1.9735,70.72
2014-06-24,120086.37,638445.93,1.4568,51.89
2014-06-25,120649.08,642367.91,1.45,52.11
2014-06-26,120612.18,643894.16,1.4505,52.1
2014-06-27,120778.11,649175.19,1.4485,52.16
2014-06-30,120773.88,653648.49,1.4485,52.16
2014-07-01,121346.87,658876.76,1.4417,52.39
2014-07-02,121395.26,658496.01,1.4411,52.4
2014-07-03,121722.6,662280.25,1.4372,52.53
2014-07-07,121503.4,669762.42,1.4398,52.45
2014-07-08,120570.97,663407.87,1.9545,68.19
2014-07-09,120974.23,666488.25,1.948,68.3
2014-07-10,120646.05,663749.35,1.9533,68.21
2014-07-11,121003.01,666304.23,1.9475,68.31
2014-07-14,121695.11,674309.86,1.9364,68.49
2014-07-15,121313.71,669049.07,1.9425,68.39
2014-07-16,121341.53,666441.95,1.9421,68.39
2014-07-17,120181.69,655889.06,1.4556,52.47
2014-07-18,121355.36,665509.3,1.4416,52.93
2014-07-21,121122.48,662184.29,1.4443,52.84
2014-07-22,121499.32,666894.6,1.4399,52.98
2014-07-23,121734.96,677536.14,1.4371,53.07
2014-07-24,121634.53,676420.83,1.9383,68.0
2014-07-25,121420.41,677119.12,1.9417,67.94
2014-07-28,121713.04,683127.3,1.937,68.02
2014-07-29,121312.95,679221.73,1.9434,67.91
2014-07-30,121389.13,679458.68,1.9422,67.93
2014-07-31,119542.98,661929.95,1.9722,67.44
2014-08-01,119308.45,663309.94,1.4879,42.88
2014-08-04,119265.97,663088.47,0.5099,15.01
2014-08-05,119177.96,658552.66,0.5103,14.95
2014-08-06,119148.0,658034.56,0.5104,14.92
2014-08-07,119058.12,654599.9,0.5108,14.86
2014-08-08,118912.03,661588.83,0.0,0.0
2014-08-11,118912.03,667105.1,0.0,0.0
2014-08-12,118912.03,665940.22,0.0,0.0
2014-08-13,118912.03,675020.15,0.0,0.0
2014-08-14,118912.03,676059.92,0.0,0.0
2014-08-15,118912.03,678840.21,0.0,0.0
2014-08-18,118912.03,687146.78,0.0,0.0
2014-08-19,119045.7,694704.92,0.998,33.91
2014-08-20,118954.58,694329.54,1.4988,51.49
2014-08-21,118879.87,693524.05,1.4997,51.46
2014-08-22,118996.11,696871.38,1.9953,83.38
2014-08-25,119349.03,697877.8,1.9894,83.43
2014-08-26,119510.83,695456.56,1.9867,83.45
2014-08-27,119600.38,699370.13,1.9852,83.46
2014-08-28,119690.86,699705.88,1.9837,83.48
2014-08-29,119993.48,701648.81,1.9787,83.52
2014-09-02,120254.88,706681.52,1.9744,83.55
2014-09-03,119297.59,687708.98,1.9902,83.42
2014-09-04,119421.95,685591.65,1.4901,66.21
2014-09-05,119683.05,690516.9,1.4868,66.28
2014-09-08,119504.78,688128.89,1.4891,66.23
2014-09-09,118465.87,683320.18,2.0065,87.73
2014-09-10,118940.22,697640.5,1.9985,87.78
2014-09-11,118489.69,698576.31,1.5018,66.5
2014-09-12,117921.45,697179.04,1.5091,66.34
2014-09-15,117659.23,695231.06,1.0071,54.49
2014-09-16,117806.14,694629.32,0.502,32.33
2014-09-17,117857.44,698849.99,0.5018,32.36
2014-09-18,118060.75,701859.17,0.501,32.48
2014-09-19,117847.94,698535.71,0.5019,32.36
2014-09-22,117270.36,696163.42,1.0068,55.77
2014-09-23,116772.7,701423.15,1.011,55.58
2014-09-24,117056.11,699987.23,0.5033,23.59
2014-09-25,116628.29,677583.76,0.0,0.0
2014-09-26,116628.29,691735.2,0.0,0.0
2014-09-29,116628.29,688684.04,0.0,0.0
2014-09-30,116628.29,691440.05,0.0,0.0
2014-10-01,116628.29,681061.55,0.0,0.0
2014-10-02,116628.29,684294.73,0.0,0.0
2014-10-03,116628.29,685058.2,0.0,0.0
2014-10-06,116628.29,684935.35,0.0,0.0
2014-10-07,116628.29,676698.66,0.0,0.0
2014-10-08,116628.29,690021.88,0.0,0.0
2014-10-09,116628.29,686102.25,0.0,0.0
2014-10-10,116628.29,677451.87,0.0,0.0
2014-10-13,116628.29,669901.26,0.0,0.0
2014-10-14,116628.29,667034.08,0.0,0.0
2014-10-15,116628.29,660258.45,0.0,0.0
2014-10-16,116628.29,653549.75,0.0,0.0
2014-10-17,116628.29,657939.81,0.0,0.0
2014-10-20,116628.29,670430.84,0.0,0.0
2014-10-21,116628.29,687324.73,0.0,0.0
2014-10-22,116628.29,688967.12,0.0,0.0
2014-10-23,116628.29,701392.36,0.0,0.0
2014-10-24,116613.86,703319.29,0.4995,11.05
2014-10-27,116600.38,703041.82,0.4996,11.04
2014-10-28,116800.06,714287.14,0.4987,11.19
2014-10-29,116715.33,716302.42,1.9994,56.5
2014-10-30,116766.42,715080.68,1.9985,56.52
2014-10-31,117955.08,724332.04,1.9784,56.96
2014-11-03,118412.15,730727.41,1.9707,57.13
2014-11-04,118340.75,727643.98,1.9719,57.1
2014-11-05,118504.19,727386.11,1.9692,57.16
2014-11-06,118690.86,726364.17,1.9661,57.23
2014-11-07,118452.41,726653.15,1.9701,57.14
2014-11-10,118717.8,727994.34,1.9657,57.24
2014-11-11,118755.57,732031.06,1.965,57.25
2014-11-12,118876.06,738012.9,1.963,57.3
2014-11-13,119117.54,744608.47,1.9591,57.38
2014-11-14,119509.64,751159.83,1.9526,57.52
2014-11-17,119378.03,748269.44,1.9548,57.48
2014-11-18,120140.69,756179.18,1.9424,57.74
2014-11-19,119809.47,752470.22,1.9477,57.63
2014-11-20,120354.24,760180.03,1.9389,57.82
2014-11-21,120598.0,761871.83,1.935,57.91
2014-11-24,121171.65,772578.6,1.9259,58.1
2014-11-25,121056.53,768397.4,1.9277,58.06
2014-11-26,121647.24,775618.42,1.9183,58.27
2014-11-28,121726.48,775877.04,1.9171,58.3
2014-12-01,120609.2,755101.81,1.9348,57.91
2014-12-02,120796.42,753456.37,1.9318,57.97
2014-12-03,121418.06,760466.13,1.9219,58.19
2014-12-04,121207.91,759078.41,1.9253,58.12
2014-12-05,121262.01,754419.18,1.9244,58.14
2014-12-08,120473.83,742141.12,1.937,57.86
2014-12-09,120692.75,750776.78,1.9335,57.94
2014-12-10,119454.35,737029.46,1.9535,57.5
2014-12-11,119614.32,736765.75,0.9745,29.22
2014-12-12,119151.14,723590.85,0.9783,28.95
2014-12-15,119044.32,714918.2,0.4893,11.14
2014-12-16,118796.93,703234.2,0.0,0.0
2014-12-17,118796.93,720213.21,0.0,0.0
2014-12-18,118796.93,738431.42,0.0,0.0
2014-12-19,118796.93,736152.03,0.0,0.0
2014-12-22,118796.93,744906.38,0.0,0.0
2014-12-23,118796.93,743940.59,0.0,0.0
2014-12-24,118796.93,741078.45,0.0,0.0
2014-12-26,118796.93,751279.89,0.0,0.0
2014-12-29,118796.93,750056.16,0.0,0.0
2014-12-30,118796.93,742482.4,0.0,0.0
2014-12-31,118796.93,730405.65,0.0,0.0
2015-01-02,118796.93,725569.88,0.0,0.0
2015-01-05,118796.93,707708.19,0.0,0.0
2015-01-06,118796.93,702694.05,0.0,0.0
2015-01-07,118796.93,709932.1,0.0,0.0
2015-01-08,118796.93,732005.91,0.0,0.0
2015-01-09,118796.93,730901.52,0.0,0.0
2015-01-12,118796.93,716525.66,0.0,0.0
2015-01-13,118796.93,721565.12,0.0,0.0
2015-01-14,118796.93,720238.35,0.0,0.0
2015-01-15,118796.93,705350.67,0.0,0.0
2015-01-16,118796.93,704892.51,0.0,0.0
2015-01-20,118796.93,717496.97,0.0,0.0
2015-01-21,118796.93,724374.3,0.0,0.0
2015-01-22,118796.93,742665.99,0.0,0.0
2015-01-23,118796.93,746229.88,0.0,0.0
2015-01-26,118796.93,745519.79,0.0,0.0
2015-01-27,118796.93,720602.32,0.0,0.0
2015-01-28,118796.93,744662.23,0.0,0.0
2015-01-29,118986.36,762697.03,0.499,7.87
2015-01-30,118849.33,757495.21,0.4995,7.76
2015-02-02,118965.1,764868.85,0.499,7.85
2015-02-03,118966.67,767402.66,0.499,7.85
2015-02-04,119038.33,769961.21,0.4987,7.91
2015-02-05,119068.26,774010.48,0.4986,7.93
2015-02-06,118988.72,769697.76,0.4989,7.87
2015-02-09,119050.93,771915.07,0.4987,7.92
2015-02-10,119232.06,786858.12,0.4979,8.06
2015-02-11,119334.52,798941.31,0.9971,17.91
2015-02-12,120345.02,812250.28,1.4817,32.46
2015-02-13,120585.97,816637.61,1.9739,51.35
2015-02-17,120735.27,819026.93,1.9715,51.41
2015-02-18,120687.12,821916.83,1.9723,51.39
2015-02-19,120766.65,821867.49,1.971,51.42
2015-02-20,121187.85,826577.3,1.9641,51.59
2015-02-23,121377.86,840313.79,1.961,51.67
2015-02-24,121473.07,837883.25,1.9595,51.7
2015-02-25,121050.58,824041.73,1.9663,51.54
2015-02-26,121272.09,834000.24,1.9627,51.62
2015-02-27,120886.56,825268.53,1.969,51.47
2015-03-02,121533.92,832589.43,1.9585,51.73
2015-03-03,121147.87,833055.57,1.9648,51.57
2015-03-04,121059.37,829612.62,1.9662,51.54
2015-03-05,121184.8,822029.07,1.9642,51.59
2015-03-06,120640.53,819284.42,1.4809,43.0
2015-03-09,120715.03,822362.59,0.9853,24.48
2015-03-10,120615.17,807335.97,0.9861,24.42
2015-03-11,120548.86,795779.23,0.4945,10.52
2015-03-12,120432.48,806883.98,0.495,10.43
2015-03-13,120449.11,801101.0,0.4949,10.44
2015-03-16,120598.74,810653.77,0.4943,10.56
2015-03-17,120753.92,819801.16,0.4937,10.67
2015-03-18,120543.32,827793.39,0.4946,10.51
2015-03-19,120737.29,823823.17,0.4938,10.66
2015-03-20,120875.84,818012.24,0.4932,10.76
2015-03-23,120454.65,821782.23,0.4949,10.45
2015-03-24,120282.85,820698.35,0.4956,10.32
2015-03-25,119529.14,798756.96,0.4988,9.76
2015-03-26,119273.7,801457.45,0.0,0.0
2015-03-27,119273.7,797211.17,0.0,0.0
2015-03-30,119273.7,812980.95,0.0,0.0
2015-03-31,119273.7,800879.95,0.0,0.0
2015-04-01,119273.7,798860.29,0.0,0.0
2015-04-02,119273.7,802267.23,0.0,0.0
2015-04-06,119273.7,813987.22,0.0,0.0
2015-04-07,119273.7,808539.25,0.0,0.0
2015-04-08,119273.7,808458.74,0.0,0.0
2015-04-09,119273.7,814334.1,0.0,0.0
2015-04-10,119273.7,817823.18,0.0,0.0
2015-04-13,119273.7,815907.87,0.0,0.0
2015-04-14,119273.7,811154.17,0.0,0.0
2015-04-15,119273.7,814708.62,0.0,0.0
2015-04-16,119273.7,812056.66,0.0,0.0
2015-04-17,119273.7,801658.55,0.0,0.0
2015-04-20,119273.7,817432.36,0.0,0.0
2015-04-21,119273.7,814177.4,0.0,0.0
2015-04-22,119273.7,824082.67,0.0,0.0
2015-04-23,119449.74,830426.88,0.499,16.23
2015-04-24,119498.01,836666.44,0.9959,39.5
2015-04-27,119560.62,845809.63,1.4937,58.68
2015-04-28,119290.61,836498.24,1.497,58.58
2015-04-29,118747.46,826490.0,1.5039,58.39
2015-04-30,117661.23,807493.2,1.0115,39.11
2015-05-01,118525.39,827270.03,1.0041,39.55
2015-05-04,118566.61,826329.84,1.0038,39.58
2015-05-05,117816.04,808788.76,1.0102,39.19
2015-05-06,117316.1,803385.04,0.0,0.0
2015-05-07,117316.1,807317.48,0.0,0.0
2015-05-08,117316.1,816032.22,0.0,0.0
2015-05-11,117316.1,808766.53,0.0,0.0
2015-05-12,117316.1,805542.02,0.0,0.0
2015-05-13,117316.1,806734.59,0.0,0.0
2015-05-14,117316.1,823684.7,0.0,0.0
2015-05-15,117316.1,822417.87,0.0,0.0
2015-05-18,117316.1,829011.96,0.0,0.0
2015-05-19,117239.78,828337.97,0.4997,26.17
2015-05-20,117218.19,828940.91,0.4998,26.15
2015-05-21,117307.46,835682.6,0.4994,26.21
2015-05-22,117234.03,840102.02,0.4997,26.16
2015-05-26,116904.26,824384.22,0.5011,25.95
2015-05-27,117192.26,840530.28,0.4999,26.14
2015-05-28,117106.16,839963.12,1.0004,49.76
2015-05-29,116751.08,831001.38,1.0035,49.61
2015-06-01,116905.5,833813.4,1.0022,49.67
2015-06-02,116787.76,830850.16,1.0032,49.62
2015-06-03,116950.9,831471.62,1.0018,49.69
2015-06-04,116483.14,827669.14,1.0058,49.49
2015-06-05,116250.31,824343.29,0.5039,23.51
2015-06-08,116000.25,817316.04,0.0,0.0
2015-06-09,116000.25,815558.43,0.0,0.0
2015-06-10,116000.25,824248.26,0.0,0.0
2015-06-11,116000.25,823239.91,0.0,0.0
2015-06-12,116000.25,814224.8,0.0,0.0
2015-06-15,116000.25,811712.79,0.0,0.0
2015-06-16,116000.25,816239.63,0.0,0.0
2015-06-17,116000.25,816098.02,0.0,0.0
2015-06-18,116000.25,822637.64,0.0,0.0
2015-06-19,116000.25,816328.28,0.0,0.0
2015-06-22,116000.25,821583.07,0.0,0.0
2015-06-23,116000.25,818394.02,0.0,0.0
2015-06-24,116000.25,821142.89,0.0,0.0
2015-06-25,116000.25,818511.31,0.0,0.0
2015-06-26,116000.25,812758.87,0.0,0.0
2015-06-29,116000.25,796993.89,0.0,0.0
2015-06-30,116000.25,800975.48,0.0,0.0
2015-07-01,116000.25,808236.89,0.0,0.0
2015-07-02,116000.25,808359.95,0.0,0.0
2015-07-06,116000.25,805213.48,0.0,0.0
2015-07-07,116000.25,804097.28,0.0,0.0
2015-07-08,116000.25,786763.71,0.0,0.0
2015-07-09,116000.25,775705.49,0.0,0.0
2015-07-10,116000.25,794280.2,0.0,0.0
2015-07-13,116000.25,809557.15,0.0,0.0
2015-07-14,116246.27,812331.47,0.4981,14.02
2015-07-15,116240.13,817334.12,0.4982,14.02
2015-07-16,116737.31,830514.06,0.496,14.38
2015-07-17,119467.04,855271.89,0.4847,16.34
2015-07-20,119273.87,864048.69,0.9843,34.65
2015-07-21,119059.06,858757.59,1.4867,47.72
2015-07-22,117747.85,832559.9,0.997,34.93
2015-07-23,117098.47,828479.13,1.0026,34.57
2015-07-24,116329.28,820119.9,1.0092,34.14
2015-07-27,116273.38,812209.31,0.498,15.8
2015-07-28,116312.16,817154.0,0.4979,15.82
2015-07-29,116361.54,816840.27,0.4976,15.86
2015-07-30,116448.87,815118.28,0.4973,15.92
2015-07-31,116251.89,808695.64,0.4981,15.78
2015-08-03,116453.33,798035.93,0.4973,15.93
2015-08-04,116357.35,780575.37,0.4977,15.86
2015-08-05,116692.43,787389.71,0.4962,16.1
2015-08-06,116604.83,784048.07,0.4966,16.03
2015-08-07,116444.12,790938.27,0.4973,15.92
2015-08-10,116409.25,812382.18,0.4974,15.89
2015-08-11,117167.01,788828.9,0.4942,16.44
2015-08-12,117199.66,797188.33,0.4941,16.46
2015-08-13,117061.27,795169.14,0.4947,16.36
2015-08-14,117141.06,799579.74,0.4943,16.42
2015-08-17,117273.31,806101.71,0.4938,16.51
2015-08-18,117123.21,800942.42,0.4944,16.41
2015-08-19,117271.36,794522.7,0.4938,16.51
2015-08-20,116865.13,776832.22,0.4955,16.22
2015-08-21,115876.08,734215.98,0.4997,15.51
2015-08-24,114639.25,712113.19,0.0,0.0
2015-08-25,114639.25,712092.06,0.0,0.0
2015-08-26,114639.25,755323.36,0.0,0.0
2015-08-27,114639.25,775441.21,0.0,0.0
2015-08-28,114639.25,775693.88,0.0,0.0
2015-08-31,114639.25,769442.1,0.0,0.0
2015-09-01,114639.25,738572.7,0.0,0.0
2015-09-02,114639.25,765739.97,0.0,0.0
2015-09-03,114639.25,755392.86,0.0,0.0
2015-09-04,114639.25,746493.53,0.0,0.0
2015-09-08,114639.25,767513.19,0.0,0.0
2015-09-09,114639.25,755683.15,0.0,0.0
2015-09-10,114639.25,769540.34,0.0,0.0
2015-09-11,114639.25,778247.46,0.0,0.0
2015-09-14,114639.25,782374.46,0.0,0.0
2015-09-15,114639.25,790820.94,0.0,0.0
2015-09-16,114639.25,792481.67,0.0,0.0
2015-09-17,114639.25,783157.83,0.0,0.0
2015-09-18,114639.25,777295.67,0.0,0.0
2015-09-21,114639.25,787222.33,0.0,0.0
2015-09-22,114639.25,773645.89,0.0,0.0
2015-09-23,114639.25,778002.65,0.0,0.0
2015-09-24,114639.25,782141.18,0.0,0.0
2015-09-25,114639.25,777927.26,0.0,0.0
2015-09-28,114639.25,761673.26,0.0,0.0
2015-09-29,114639.25,747194.83,0.0,0.0
2015-09-30,114639.25,759922.35,0.0,0.0
2015-10-01,114424.9,756547.24,0.5009,8.76
2015-10-02,114686.11,766027.97,0.4998,8.97
2015-10-05,114943.18,773602.36,0.4987,9.17
2015-10-06,115080.01,776412.72,0.4981,9.28
2015-10-07,115191.96,775020.0,0.4976,9.37
2015-10-08,115254.15,769659.39,0.4973,9.41
2015-10-09,115212.69,782094.85,0.4975,9.38
2015-10-12,115328.78,781693.11,0.497,9.47
2015-10-13,115349.51,783429.07,0.4969,9.49
2015-10-14,115672.59,778092.01,0.9936,19.95
2015-10-15,115919.13,789445.4,0.9914,20.12
2015-10-16,116137.1,787746.0,0.9896,20.27
2015-10-19,116196.23,791914.65,0.9891,20.31
2015-10-20,115835.51,796578.47,0.9922,20.07
2015-10-21,115544.79,793458.11,0.9947,19.87
2015-10-22,116116.39,807192.04,0.9898,20.26
2015-10-23,116853.94,832970.55,0.9835,20.76
2015-10-26,117003.42,818103.06,0.9823,20.86
2015-10-27,117024.45,815207.69,0.9821,20.88
2015-10-28,117190.54,838349.42,0.9807,20.99
2015-10-29,116916.86,842856.82,0.983,20.81
2015-10-30,117074.26,838177.31,0.9817,20.91
2015-11-02,117389.63,849546.83,0.979,21.12
2015-11-03,117325.33,855704.24,0.9796,21.08
2015-11-04,117242.41,853164.6,0.9803,21.03
2015-11-05,117202.19,848437.08,0.9806,21.0
2015-11-06,118810.39,859033.0,0.9673,22.07
2015-11-09,118634.53,854219.0,0.9687,21.95
2015-11-10,118445.95,836501.72,0.9703,21.83
2015-11-11,118442.15,833989.22,0.9703,21.83
2015-11-12,118246.12,829225.87,0.9719,21.7
2015-11-13,117713.41,808004.71,0.9763,21.34
2015-11-16,118140.72,821024.08,0.9728,21.63
2015-11-17,118064.13,817991.54,0.9734,21.58
2015-11-18,118567.36,839912.51,0.9693,21.91
2015-11-19,118603.47,846730.18,0.969,21.93
2015-11-20,119009.7,853596.97,0.9657,22.2
2015-11-23,118809.65,845277.58,0.9673,22.07
2015-11-24,118791.35,849515.13,0.9675,22.06
2015-11-25,118768.38,845625.6,0.9677,22.04
2015-11-27,118922.93,845969.0,0.9664,22.14
2015-11-30,118902.44,846887.24,0.9666,22.13
2015-12-01,119690.72,850296.89,0.9602,22.64
2015-12-02,119484.6,843083.37,0.9619,22.51
2015-12-03,119289.11,834757.21,0.9634,22.38
2015-12-04,120026.34,859228.91,0.9575,22.86
2015-12-07,119653.69,852581.8,0.9605,22.62
2015-12-08,119877.35,853701.78,0.9587,22.76
2015-12-09,119307.74,836361.55,0.9633,22.39
2015-12-10,119376.4,839333.35,0.9627,22.44
2015-12-11,119007.28,820977.31,0.9657,22.2
2015-12-14,119035.51,821068.11,0.4815,11.34
2015-12-15,119201.36,813497.45,0.4808,11.47
2015-12-16,119284.29,822363.75,0.4805,11.53
2015-12-17,119076.97,807950.59,0.4813,11.38
2015-12-18,118857.22,788926.79,0.4822,11.21
2015-12-21,118982.14,798282.65,0.0,0.0
2015-12-22,118982.14,799838.26,0.0,0.0
2015-12-23,118982.14,807385.51,0.0,0.0
2015-12-24,118982.14,804506.44,0.0,0.0
2015-12-28,118982.14,802201.38,0.0,0.0
2015-12-29,118982.14,815640.3,0.0,0.0
2015-12-30,118887.3,807132.79,0.4995,13.0
2015-12-31,118647.03,793445.95,0.5005,12.82
2016-01-04,118315.6,787013.39,0.0,0.0
2016-01-05,118315.6,777029.3,0.0,0.0
2016-01-06,118315.6,763288.73,0.0,0.0
2016-01-07,118315.6,735182.89,0.0,0.0
2016-01-08,118315.6,733006.66,0.0,0.0
2016-01-11,118315.6,740699.08,0.0,0.0
2016-01-12,118315.6,751586.89,0.0,0.0
2016-01-13,118315.6,730150.02,0.0,0.0
2016-01-14,118315.6,742016.19,0.0,0.0
2016-01-15,118315.6,721032.8,0.0,0.0
2016-01-19,118315.6,721359.59,0.0,0.0
2016-01-20,118315.6,721656.26,0.0,0.0
2016-01-21,118315.6,722124.96,0.0,0.0
2016-01-22,118315.6,752249.44,0.0,0.0
2016-01-25,118315.6,739820.89,0.0,0.0
2016-01-26,118315.6,743891.51,0.0,0.0
2016-01-27,118315.6,709119.33,0.0,0.0
2016-01-28,118315.6,718232.37,0.0,0.0
2016-01-29,118315.6,740183.26,0.0,0.0
2016-02-01,118315.6,738169.91,0.0,0.0
2016-02-02,118315.6,726662.12,0.0,0.0
2016-02-03,117873.87,729017.31,0.5006,7.37
2016-02-04,117703.66,726379.14,0.0,0.0
2016-02-05,117703.66,702863.01,0.0,0.0
2016-02-08,117703.66,703062.74,0.0,0.0
2016-02-09,117703.66,702892.03,0.0,0.0
2016-02-10,117703.66,700864.02,0.0,0.0
2016-02-11,117703.66,697443.37,0.0,0.0
2016-02-12,117703.66,701296.06,0.0,0.0
2016-02-16,117703.66,719987.78,0.0,0.0
2016-02-17,117703.66,732729.87,0.0,0.0
2016-02-18,117703.66,726982.83,0.0,0.0
2016-02-19,117830.48,728071.07,0.4994,6.36
2016-02-22,118096.35,737201.07,0.4983,6.57
2016-02-23,118116.04,724127.95,0.4982,6.59
2016-02-24,118170.2,732274.75,0.498,6.63
2016-02-25,118187.43,737893.6,0.4979,6.64
2016-02-26,118135.73,737042.46,0.4982,6.6
2016-02-29,118056.96,733023.59,0.4985,6.54
2016-03-01,118399.14,760889.57,0.497,6.81
2016-03-02,118445.91,761984.26,0.4969,6.85
2016-03-03,118374.52,763037.47,0.4972,6.79
2016-03-04,118349.91,769321.65,0.4973,6.77
2016-03-07,118298.21,760007.34,0.4975,6.73
2016-03-08,118152.97,754129.13,0.4981,6.62
2016-03-09,118148.04,757320.49,0.4981,6.61
2016-03-10,118135.73,758692.63,0.4982,6.6
2016-03-11,118268.67,768854.37,0.4976,6.71
2016-03-14,118357.5,771314.68,0.9965,17.27
2016-03-15,118323.6,780011.11,0.9968,17.25
2016-03-16,118672.98,790617.35,0.9938,17.49
2016-03-17,118622.7,789557.67,0.9943,17.46
2016-03-18,118815.3,791884.93,0.9926,17.59
2016-03-21,118952.31,793686.66,0.9915,17.69
2016-03-22,118902.4,796850.33,0.9919,17.65
2016-03-23,119003.73,794550.01,0.9911,17.72
2016-03-24,118970.75,792106.2,0.9913,17.7
2016-03-28,119030.93,790509.74,0.9908,17.74
2016-03-29,119378.75,806619.84,0.988,17.98
2016-03-30,119510.63,816779.52,0.9869,18.07
2016-03-31,119388.05,812690.49,0.9879,17.99
2016-04-01,119628.78,820592.38,0.9859,18.15
2016-04-04,119466.86,823480.04,0.9872,18.04
2016-04-05,119345.49,815386.87,0.9882,17.96
2016-04-06,119515.98,823751.58,0.9868,18.07
2016-04-07,119292.53,809320.97,0.9887,17.92
2016-04-08,119338.32,810359.91,0.9883,17.95
2016-04-11,119360.35,811849.55,0.9881,17.97
2016-04-12,119463.39,820143.16,0.9873,18.04
2016-04-13,119811.32,832062.63,0.9844,18.28
2016-04-14,119893.88,833275.25,0.9837,18.33
2016-04-15,120042.02,824787.74,0.9825,18.43
2016-04-18,120130.51,815950.98,0.9818,18.49
2016-04-19,119777.72,809262.11,0.9847,18.25
2016-04-20,119790.04,810408.24,0.9846,18.26
2016-04-21,119864.78,805993.17,0.984,18.31
2016-04-22,119127.19,795183.63,0.99,17.81
2016-04-25,119112.84,793802.6,0.4941,7.53
2016-04-26,119120.23,787112.88,0.494,7.54
2016-04-27,119324.56,759195.83,0.4932,7.7
2016-04-28,119051.3,738936.38,0.4943,7.49
2016-04-29,118886.36,732495.46,0.495,7.36
2016-05-02,118956.82,735315.22,0.0,0.0
2016-05-03,118956.82,739055.12,0.0,0.0
2016-05-04,118956.82,732656.32,0.0,0.0
2016-05-05,118956.82,729624.34,0.0,0.0
2016-05-06,118956.82,730712.03,0.0,0.0
2016-05-09,118956.82,731853.32,0.0,0.0
2016-05-10,118956.82,739551.11,0.0,0.0
2016-05-11,118956.82,733223.68,0.0,0.0
2016-05-12,118956.82,721659.71,0.0,0.0
2016-05-13,118956.82,735086.54,0.0,0.0
2016-05-16,119385.07,755112.79,0.4982,10.37
2016-05-17,119411.49,750624.1,0.4981,10.39
2016-05-18,119728.49,758621.77,0.4968,10.63
2016-05-19,119784.26,755840.61,0.4965,10.67
2016-05-20,120013.21,764401.35,0.4956,10.84
2016-05-23,120033.76,768935.97,0.4955,10.86
2016-05-24,120315.54,782513.51,0.4944,11.07
2016-05-25,120259.77,791268.27,0.4946,11.02
2016-05-26,120410.03,795926.03,0.9926,29.69
2016-05-27,120599.69,798838.3,0.991,29.8
2016-05-31,120710.59,799043.26,1.9881,69.57
2016-06-01,120791.3,793078.23,1.9868,69.59
2016-06-02,120927.3,790041.01,1.9846,69.62
2016-06-03,120338.08,787220.51,1.9943,69.48
2016-06-06,120364.79,788988.0,1.9938,69.48
2016-06-07,120405.68,791102.78,1.9932,69.49
2016-06-08,120779.69,792867.87,1.987,69.59
2016-06-09,121044.02,798842.22,1.9827,69.65
2016-06-10,119934.11,789405.65,2.001,69.37
2016-06-13,119684.96,783326.7,1.5035,50.87
2016-06-14,119634.9,784288.5,1.001,26.03
2016-06-15,119750.67,783680.05,1.0,26.1
2016-06-16,119579.56,784677.3,0.4974,11.67
2016-06-17,119335.93,767708.93,0.4984,11.49
2016-06-20,119582.49,769759.73,0.4974,11.67
2016-06-21,119497.37,773417.69,0.4977,11.61
2016-06-22,119485.63,771848.5,0.4978,11.6
2016-06-23,119855.47,779580.42,0.4962,11.88
2016-06-24,119045.34,751236.83,0.4996,11.28
2016-06-27,118913.84,741519.67,0.0,0.0
2016-06-28,118913.84,753783.98,0.0,0.0
2016-06-29,118913.84,761562.55,0.0,0.0
2016-06-30,118913.84,770523.14,0.0,0.0
2016-07-01,118913.84,772586.81,0.0,0.0
2016-07-05,118913.84,768719.03,0.0,0.0
2016-07-06,118913.84,773329.07,0.0,0.0
2016-07-07,118913.84,778101.49,0.0,0.0
2016-07-08,119194.19,789805.71,0.4988,8.76
2016-07-11,119423.23,796410.68,0.9964,26.99
2016-07-12,119739.87,801929.97,0.9938,27.18
2016-07-13,119732.74,798706.85,0.9938,27.18
2016-07-14,119964.77,810405.29,0.9919,27.32
2016-07-15,119808.23,808610.58,0.9932,27.22
2016-07-18,119922.23,817877.55,0.9923,27.29
2016-07-19,119962.25,819251.25,1.4903,52.5
2016-07-20,120549.21,822966.94,1.4831,52.73
2016-07-21,120191.2,817283.35,1.4875,52.59
2016-07-22,120713.21,818925.65,1.4811,52.8
2016-07-25,120863.62,815215.83,1.4792,52.86
2016-07-26,121103.67,814777.09,1.4763,52.95
2016-07-27,121175.96,842323.27,1.4754,52.98
2016-07-28,121333.44,849785.06,1.4735,53.04
2016-07-29,121624.87,856762.47,1.47,53.15
2016-08-01,121694.84,866132.68,1.4691,53.18
2016-08-02,121176.11,856592.86,1.4754,52.98
2016-08-03,121269.41,862830.65,0.9833,35.09
2016-08-04,121571.64,865707.02,0.9809,35.26
2016-08-05,122069.32,878062.48,0.9769,35.52
2016-08-08,122040.14,882951.4,1.4752,63.28
2016-08-09,122163.71,885881.51,1.4737,63.32
2016-08-10,121921.32,881288.52,1.4766,63.25
2016-08-11,122456.61,884370.73,1.4701,63.41
2016-08-12,123134.22,893757.7,1.4621,63.61
2016-08-15,123354.05,899499.37,1.4594,63.68
2016-08-16,122926.06,896632.76,1.4645,63.55
2016-08-17,122748.48,893243.68,1.4666,63.5
2016-08-18,123027.49,894611.94,1.4633,63.58
2016-08-19,123002.66,895578.3,1.4636,63.57
2016-08-22,123078.69,891991.08,1.4627,63.59
2016-08-23,123283.42,894596.13,1.4603,63.66
2016-08-24,122706.29,887339.77,1.4672,63.48
2016-08-25,122547.78,883686.9,1.469,63.44
2016-08-26,122632.58,882568.42,1.468,63.46
2016-08-29,122833.27,882707.17,1.4656,63.52
2016-08-30,122601.35,877142.34,1.4684,63.45
2016-08-31,122413.45,876274.94,1.4707,63.4
2016-09-01,122867.2,884126.83,1.4652,63.53
2016-09-02,122994.07,888406.92,1.4637,63.57
2016-09-06,123413.84,892452.78,1.4587,63.69
2016-09-07,123238.68,893032.49,1.4608,63.64
2016-09-08,123067.94,880165.41,1.4628,63.59
2016-09-09,120976.16,856459.01,0.9857,35.51
2016-09-12,120577.94,873393.44,0.0,0.0
2016-09-13,120577.94,879224.04,0.0,0.0
2016-09-14,120577.94,898080.79,0.0,0.0
2016-09-15,120577.94,924107.87,0.0,0.0
2016-09-16,120519.7,920476.49,0.4995,14.9
2016-09-19,120310.32,915900.04,0.5004,14.75
2016-09-20,120097.77,915358.4,1.002,22.66
2016-09-21,120360.14,921789.97,0.9999,22.82
2016-09-22,120594.91,929785.55,1.4948,42.59
2016-09-23,120091.65,920379.63,2.0026,63.22
2016-09-26,119451.79,916360.68,2.0133,63.02
2016-09-27,120293.5,925288.95,1.9992,63.28
2016-09-28,120483.1,929851.42,1.9961,63.34
2016-09-29,119900.61,921374.44,2.0058,63.16
2016-09-30,120423.26,929068.1,1.9971,63.32
2016-10-03,120183.14,925647.23,2.001,63.25
2016-10-04,120273.81,927590.19,1.9995,63.27
2016-10-05,120306.81,927696.37,1.999,63.28
2016-10-06,120349.41,929507.19,1.9983,63.3
2016-10-07,120177.97,928290.58,2.0011,63.25
2016-10-10,121088.89,940949.96,1.9861,63.52
2016-10-11,120502.93,937366.37,1.9957,63.34
2016-10-12,120758.07,943160.35,1.9915,63.42
2016-10-13,120220.15,936974.65,2.0004,63.26
2016-10-14,120461.54,941670.46,1.9964,63.33
2016-10-17,120397.13,940506.15,1.9975,63.31
2016-10-18,121191.34,946332.39,1.9844,63.55
2016-10-19,121277.91,945572.06,1.983,63.58
2016-10-20,121269.73,947348.28,1.9831,63.58
2016-10-21,121331.51,945548.18,1.9821,63.59
2016-10-24,122612.23,961432.37,1.9614,63.97
2016-10-25,122583.63,965309.01,1.9619,63.97
2016-10-26,121852.3,952525.76,1.9736,63.75
2016-10-27,121203.58,942544.62,1.9842,63.56
2016-10-28,120987.42,938833.21,1.9877,63.49
2016-10-31,120730.84,937605.29,1.992,63.41
2016-11-01,119623.35,921594.05,1.0062,29.33
2016-11-02,119250.05,917253.5,0.5044,8.65
2016-11-03,119130.05,905471.66,0.5049,8.56
2016-11-04,119071.55,899643.79,0.5051,8.51
2016-11-07,119626.55,922262.13,0.5028,8.94
2016-11-08,119610.05,927363.7,0.5028,8.92
2016-11-09,119430.05,922905.07,0.5036,8.79
2016-11-10,119024.59,897802.56,1.0039,28.41
2016-11-11,122000.09,950292.18,0.9794,30.15
2016-11-14,121369.12,923023.93,0.9845,29.79
2016-11-15,121935.83,941117.23,0.9799,30.12
2016-11-16,122707.14,968932.17,0.9738,30.55
2016-11-17,122943.22,972523.88,0.9719,30.69
2016-11-18,123035.31,973165.74,0.9712,30.74
2016-11-21,123158.16,982219.74,0.9702,30.81
2016-11-22,123305.53,984527.43,0.969,30.89
2016-11-23,123366.61,981414.11,0.9686,30.93
2016-11-25,123484.49,984946.25,0.9676,30.99
2016-11-28,123363.63,984632.14,0.9686,30.92
2016-11-29,123281.5,982955.79,0.9692,30.88
2016-11-30,123066.23,972635.1,0.9709,30.76
2016-12-01,122293.94,953035.89,0.9771,30.32
2016-12-02,122427.43,957071.23,0.976,30.4
2016-12-05,123085.81,965691.56,0.9708,30.77
2016-12-06,123388.61,973106.01,0.9684,30.94
2016-12-07,123956.71,986404.45,0.964,31.25
2016-12-08,123778.16,988108.03,0.9653,31.16
2016-12-09,123677.4,995492.16,0.9661,31.1
2016-12-12,123283.73,986320.03,1.4708,48.62
2016-12-13,124049.61,1001179.05,1.4617,48.94
2016-12-14,124512.9,1014677.75,1.9916,70.97
2016-12-15,125112.19,1023024.78,1.982,71.11
2016-12-16,125022.46,1026169.45,1.9835,71.09
2016-12-19,125497.35,1033091.82,1.9759,71.19
2016-12-20,126285.89,1044380.7,1.9636,71.37
2016-12-21,126313.57,1045805.06,1.9632,71.38
2016-12-22,126237.76,1044921.79,1.9644,71.36
2016-12-23,126732.94,1052457.94,1.9567,71.48
2016-12-27,128204.12,1075744.45,1.9342,71.8
2016-12-28,126483.27,1051154.61,1.9605,71.42
2016-12-29,126737.43,1056141.42,1.4884,52.2
2016-12-30,125578.43,1037366.5,1.5021,51.76
2017-01-03,125074.39,1030679.16,0.9753,30.13
2017-01-04,125406.33,1036664.56,0.9727,30.32
2017-01-05,125122.56,1033881.08,0.9749,30.16
2017-01-06,125577.13,1046167.35,0.9714,30.41
2017-01-09,126430.93,1062047.63,1.956,70.63
2017-01-10,126371.32,1060423.53,1.9569,70.62
2017-01-11,126472.81,1060954.03,1.9553,70.64
2017-01-12,126063.36,1054109.39,1.9617,70.55
2017-01-13,126159.53,1053731.97,1.9602,70.57
2017-01-17,125820.94,1051069.41,1.9654,70.49
2017-01-18,126194.6,1056224.32,1.9596,70.58
2017-01-19,126358.68,1059831.99,1.9571,70.61
2017-01-20,126387.13,1058902.88,1.9566,70.62
2017-01-23,126981.21,1065162.76,1.9475,70.76
2017-01-24,127624.76,1072042.53,1.9377,70.91
2017-01-25,128586.88,1084381.81,1.9232,71.12
2017-01-26,128860.59,1089116.24,1.9955,77.07
2017-01-27,128940.17,1092260.83,1.9943,77.08
2017-01-30,127770.29,1081480.79,1.9355,71.03
2017-01-31,127440.6,1077257.19,1.9405,70.96
2017-02-01,129857.77,1121607.41,1.4215,56.23
2017-02-02,130004.09,1124862.77,1.4199,56.28
2017-02-03,130047.88,1125537.99,1.4195,56.29
2017-02-06,130757.81,1138648.07,1.4118,56.53
2017-02-07,131383.9,1150499.72,1.405,56.74
2017-02-08,131456.28,1151717.16,1.4043,56.76
2017-02-09,131309.1,1148218.51,1.4058,56.71
2017-02-10,130973.46,1141176.59,1.9095,91.22
2017-02-13,130838.5,1134403.66,1.9115,91.21
2017-02-14,131520.88,1143658.42,1.9016,91.26
2017-02-15,132075.92,1146439.38,1.8936,91.29
2017-02-16,131733.47,1142181.25,1.8985,91.27
2017-02-17,132013.18,1144975.7,1.8945,91.29
2017-02-21,133211.2,1160175.29,1.8774,91.37
2017-02-22,133214.97,1161602.77,1.8774,91.37
2017-02-23,131472.51,1132611.99,1.9023,91.25
2017-02-24,131083.54,1135202.96,1.4491,80.14
2017-02-27,131247.78,1144412.97,1.4473,80.16
2017-02-28,131034.71,1135979.66,1.4496,80.13
2017-03-01,132575.32,1155299.73,1.4328,80.36
2017-03-02,131720.65,1140038.61,1.8587,99.99
2017-03-03,131944.25,1142210.62,1.8555,99.99
2017-03-06,131593.42,1137708.48,1.8605,99.99
2017-03-07,131552.16,1141762.91,1.8611,99.99
2017-03-08,131498.3,1139538.53,1.8618,99.99
2017-03-09,131647.69,1139000.35,1.8597,99.99
2017-03-10,132143.78,1143631.5,1.8527,99.99
2017-03-13,132329.64,1151599.76,1.8501,99.99
2017-03-14,132071.81,1150441.49,1.8537,99.99
2017-03-15,133033.1,1160143.99,1.8403,99.99
2017-03-16,133011.85,1164561.27,1.8406,99.99
2017-03-17,132585.3,1167279.19,1.8466,99.99
2017-03-20,132712.08,1181521.42,1.8448,99.99
2017-03-21,130768.66,1160325.69,1.8722,99.99
2017-03-22,130963.66,1173281.93,0.8912,40.51
2017-03-23,130490.93,1166366.72,0.4739,20.82
2017-03-24,130436.96,1165314.31,0.4741,20.78
2017-03-27,130483.22,1169091.59,0.4739,20.81
2017-03-28,131046.05,1181690.58,0.4719,21.15
2017-03-29,131107.73,1184382.56,0.4716,21.19
2017-03-30,131071.1,1188942.89,0.4718,21.17
2017-03-31,130983.81,1186084.33,0.9716,57.32
2017-04-03,130962.87,1186517.43,0.9717,57.32
2017-04-04,131244.29,1171220.06,0.9696,57.41
2017-04-05,130906.41,1164882.32,0.9721,57.3
2017-04-06,130862.08,1164541.27,0.9725,57.28
2017-04-07,130775.34,1161364.64,0.9731,57.25
2017-04-10,130760.48,1154068.32,0.9732,57.25
2017-04-11,129856.1,1147451.91,0.4762,21.02
2017-04-12,129888.87,1146014.8,0.4761,21.04
2017-04-13,129744.31,1137297.36,0.4766,20.95
2017-04-17,129894.65,1154101.09,0.476,21.05
2017-04-18,129773.22,1151024.19,0.4765,20.97
2017-04-19,129672.99,1150247.64,0.4768,20.91
2017-04-20,130012.23,1163631.01,0.4756,21.12
2017-04-21,129979.46,1163584.97,0.4757,21.1
2017-04-24,130243.53,1178055.18,0.4748,21.26
2017-04-25,130645.64,1189221.44,1.4685,66.47
2017-04-26,130359.29,1183566.89,1.9709,99.01
2017-04-27,130684.26,1189072.43,1.966,99.02
2017-04-28,131557.81,1191599.51,1.9529,99.02
2017-05-01,132767.14,1212864.83,1.9351,99.03
2017-05-02,133140.56,1209911.64,1.9297,99.03
2017-05-03,133212.11,1211848.52,1.9287,99.03
2017-05-04,133349.16,1209793.81,1.9267,99.04
2017-05-05,133985.15,1220103.97,1.9175,99.04
2017-05-08,135071.13,1237051.03,1.9021,99.05
2017-05-09,135285.52,1241635.36,1.8991,99.05
2017-05-10,135188.69,1284841.21,1.9005,99.05
2017-05-11,135303.4,1301220.65,1.945,100.0
2017-05-12,135718.11,1314211.98,1.9391,100.0
2017-05-15,136170.0,1330024.7,1.9326,100.0
2017-05-16,136410.77,1336688.13,1.9292,100.0
2017-05-17,133025.45,1283535.43,1.9783,100.0
2017-05-18,133616.18,1309682.31,0.9964,43.13
2017-05-19,133864.71,1320806.1,0.9945,43.23
2017-05-22,134340.57,1334945.12,0.991,43.44
2017-05-23,134466.72,1330782.66,0.9901,43.49
2017-05-24,134593.59,1334475.02,0.9891,43.54
2017-05-25,135233.69,1339633.76,1.482,70.91
2017-05-26,135295.64,1347989.17,1.8283,99.89
2017-05-30,135418.62,1356562.05,1.8267,99.89
2017-05-31,134958.84,1349387.75,1.8329,99.89
2017-06-01,135528.33,1352105.53,1.8252,99.89
2017-06-02,136733.04,1362814.59,1.8091,99.89
2017-06-05,136668.55,1368694.15,1.81,99.89
2017-06-06,136283.46,1367452.26,1.8151,99.89
2017-06-07,136834.77,1377360.17,1.8078,99.89
2017-06-08,137014.02,1403854.81,1.8054,99.89
2017-06-09,133784.97,1342342.46,1.849,99.89
2017-06-12,132107.79,1325508.02,0.4027,31.05
2017-06-13,132315.84,1336805.92,0.402,31.16
2017-06-14,132269.03,1330426.73,0.4022,31.14
2017-06-15,132199.83,1326311.89,0.4024,31.1
2017-06-16,132008.77,1314475.29,0.403,31.0
2017-06-19,132396.85,1351762.89,0.4018,31.2
2017-06-20,132127.1,1343234.2,0.4026,31.06
2017-06-21,132142.78,1355676.08,0.4026,31.07
2017-06-22,132113.22,1351388.49,0.4026,31.06
2017-06-23,132111.74,1344900.41,0.4027,31.06
2017-06-26,132119.72,1335523.16,0.4026,31.06
2017-06-27,131742.74,1305755.67,0.4038,30.86
2017-06-28,131928.57,1332115.09,0.0473,1.23
2017-06-29,131874.44,1303544.94,0.0473,1.19
2017-06-30,131851.81,1298150.29,0.0474,1.17
2017-07-03,131795.98,1279861.17,0.0474,1.13
2017-07-05,131821.15,1295231.85,0.0,0.0
2017-07-06,131821.15,1288411.42,0.0,0.0
2017-07-07,131821.15,1306762.37,0.0,0.0
2017-07-10,131821.15,1330822.28,0.0,0.0
2017-07-11,131821.15,1339114.97,0.0,0.0
2017-07-12,131821.15,1360837.71,0.0,0.0
2017-07-13,131682.51,1365494.59,0.5003,6.47
2017-07-14,131911.58,1384445.92,0.4994,6.63
2017-07-17,131888.44,1384808.44,1.4968,60.69
2017-07-18,132081.68,1394129.23,1.4947,60.75
2017-07-19,132478.21,1397893.28,1.9869,80.29
2017-07-20,132561.63,1400991.9,1.9857,80.31
2017-07-21,132528.2,1402467.26,1.9862,80.3
2017-07-24,132798.42,1406762.59,1.9821,80.34
2017-07-25,132905.92,1401743.13,1.9805,80.36
2017-07-26,133199.17,1409294.84,1.9762,80.4
2017-07-27,132271.06,1379396.93,1.99,80.26
2017-07-28,132175.98,1382488.72,1.9915,80.25
2017-07-31,131825.77,1371437.16,1.9968,80.2
2017-08-01,132294.43,1382782.62,1.9897,80.27
2017-08-02,133425.28,1414325.17,1.9728,80.43
2017-08-03,133108.6,1410887.24,1.9775,80.39
2017-08-04,133404.83,1417661.15,1.9731,80.43
2017-08-07,134288.47,1441975.63,1.9601,80.56
2017-08-08,134199.1,1441842.43,1.9615,80.55
2017-08-09,134403.11,1449875.55,1.9585,80.58
2017-08-10,131913.94,1400332.78,1.9954,80.21
2017-08-11,131740.72,1389430.71,0.9999,23.85
2017-08-14,132273.14,1434641.29,0.4978,17.76
2017-08-15,132530.39,1438648.28,0.4968,17.92
2017-08-16,132434.84,1432534.39,0.4972,17.87
2017-08-17,131980.61,1404092.08,0.4989,17.58
2017-08-18,131927.69,1402170.19,0.4991,17.55
2017-08-21,131885.06,1393801.3,0.4993,17.52
2017-08-22,132262.85,1419183.34,0.4978,17.76
2017-08-23,132292.25,1428363.1,0.4977,17.78
2017-08-24,132187.88,1422240.78,0.4981,17.71
2017-08-25,132274.61,1420022.76,0.4978,17.77
2017-08-28,132511.28,1429854.42,0.4969,17.91
2017-08-29,132722.96,1437370.27,0.4961,18.04
2017-08-30,132787.64,1444407.41,0.4959,18.08
2017-08-31,132883.19,1460169.99,0.4955,18.14
2017-09-01,132615.34,1462302.85,1.4967,55.88
2017-09-05,131832.77,1438978.77,1.5056,55.61
2017-09-06,131905.79,1438441.12,1.5047,55.64
2017-09-07,132054.4,1439243.31,1.503,55.69
2017-09-08,131230.44,1417896.47,1.5125,55.41
2017-09-11,132018.52,1445753.35,1.5035,55.68
2017-09-12,132076.48,1445453.35,1.9988,88.44
2017-09-13,132044.02,1442902.36,1.9993,88.44
2017-09-14,131428.09,1431892.06,2.0087,88.39
2017-09-15,131495.71,1465371.93,2.0077,88.39
2017-09-18,131126.36,1477687.84,1.5067,72.38
2017-09-19,131343.17,1479014.14,1.9966,82.93
2017-09-20,130767.82,1465296.33,2.0054,82.86
2017-09-21,130027.01,1439953.52,1.5104,65.17
2017-09-22,129877.63,1427930.76,1.5122,65.13
2017-09-25,129327.39,1399021.68,0.5066,33.3
2017-09-26,129353.35,1413755.97,0.5065,33.31
2017-09-27,129521.16,1433415.01,0.5058,33.4
2017-09-28,129767.57,1430077.42,1.0035,53.67
2017-09-29,130163.05,1444085.52,1.0005,53.81
2017-10-02,130181.0,1442314.26,1.0003,53.82
2017-10-03,130400.27,1447375.38,0.9987,53.9
2017-10-04,130307.48,1445844.06,0.9994,53.86
2017-10-05,131069.58,1458642.17,0.9936,54.13
2017-10-06,131397.77,1461311.4,1.4882,88.75
2017-10-09,131236.44,1473689.44,1.4901,88.73
2017-10-10,131263.11,1482240.53,1.4898,88.74
2017-10-11,131955.13,1494038.77,1.4819,88.79
2017-10-12,131806.24,1491634.66,1.4836,88.78
2017-10-13,132096.03,1505850.79,1.4804,88.81
2017-10-16,132465.86,1527741.59,1.9748,97.99
2017-10-17,132589.43,1530345.16,1.973,97.99
2017-10-18,132606.8,1527064.9,1.9993,98.99
2017-10-19,132134.44,1508486.16,1.9798,98.01
2017-10-20,132518.54,1508449.32,1.974,98.02
2017-10-23,131496.3,1502875.6,1.9894,98.0
2017-10-24,131859.05,1513014.66,1.9839,98.01
2017-10-25,131237.57,1497279.27,1.9933,98.0
2017-10-26,131274.32,1506677.77,1.9927,98.0
2017-10-27,134489.01,1558172.57,1.9451,98.05
2017-10-30,134568.28,1579353.21,1.998,99.61
2017-10-31,135023.77,1597511.62,1.9913,99.61
2017-11-01,135324.88,1590908.0,1.9868,99.61
2017-11-02,135200.62,1593042.0,1.9886,99.61
2017-11-03,136216.72,1621727.22,1.9738,99.61
2017-11-06,136326.94,1630749.98,1.9722,99.61
2017-11-07,136744.13,1641264.09,1.9662,99.61
2017-11-08,137013.07,1641837.93,1.9623,99.61
2017-11-09,136070.41,1627824.19,1.9759,99.61
2017-11-10,136609.55,1649280.73,1.9681,99.61
2017-11-13,136403.12,1636807.17,1.9711,99.61
2017-11-14,136201.15,1628819.26,1.974,99.61
2017-11-15,135324.96,1606523.83,1.9868,99.61
2017-11-16,136758.47,1623335.22,1.966,99.61
2017-11-17,136074.26,1615591.19,1.9759,99.61
2017-11-20,136245.85,1621530.2,1.9734,99.61
2017-11-21,137641.63,1644732.61,1.9534,99.61
2017-11-22,137658.55,1650311.92,1.9531,99.61
2017-11-24,138189.12,1656816.65,1.9456,99.62
2017-11-27,138382.38,1648744.35,1.9429,99.62
2017-11-28,138499.18,1634426.57,1.9413,99.62
2017-11-29,135994.07,1575666.29,1.977,99.61
2017-11-30,136939.88,1597864.42,1.4811,90.63
2017-12-01,136328.22,1584001.5,1.4877,90.59
2017-12-04,135741.14,1546874.13,1.0175,69.91
2017-12-05,135605.54,1550330.85,1.0185,69.88
2017-12-06,135818.68,1554355.37,1.0169,69.93
2017-12-07,136126.39,1565410.69,1.0146,69.99
2017-12-08,136585.58,1565891.49,1.0112,70.1
2017-12-11,137135.65,1589808.25,1.0071,70.22
2017-12-12,137139.92,1575137.79,1.0071,70.22
2017-12-13,137234.4,1566465.44,1.0064,70.24
2017-12-14,137011.31,1567943.76,1.008,70.19
2017-12-15,137725.83,1592539.35,1.0028,70.34
2017-12-18,138354.36,1622873.33,0.9982,70.48
2017-12-19,137757.59,1608307.35,1.5037,87.36
2017-12-20,137544.24,1607887.08,1.506,87.34
2017-12-21,137595.43,1608058.75,1.5054,87.34
2017-12-22,137484.89,1605986.08,1.5067,87.33
2017-12-26,137046.11,1590787.89,1.5115,87.29
2017-12-27,136953.1,1589151.53,1.5125,87.28
2017-12-28,137021.09,1591210.18,1.5118,87.29
2017-12-29,136468.93,1571940.21,1.5179,87.24
2018-01-02,138076.7,1605835.59,1.4475,85.82
2018-01-03,139240.62,1643758.91,1.4354,85.94
2018-01-04,139519.57,1651315.16,1.9314,93.33
2018-01-05,140728.68,1668616.64,1.9148,93.38
2018-01-08,141408.39,1683709.76,1.9056,93.42
2018-01-09,141485.19,1683296.79,1.9046,93.42
2018-01-10,141321.16,1686762.64,1.9068,93.41
2018-01-11,142069.36,1693431.38,1.8967,93.45
2018-01-12,143099.71,1703213.41,1.8831,93.49
2018-01-16,142654.92,1691542.88,1.8889,93.47
2018-01-17,144057.9,1719138.25,1.8705,93.54
2018-01-18,143904.89,1718453.63,1.8725,93.53
2018-01-19,144717.58,1731300.68,1.862,93.57
2018-01-22,146277.1,1739303.91,1.8422,93.64
2018-01-23,147317.17,1755934.38,1.8292,93.68
2018-01-24,146705.74,1734007.78,1.8368,93.65
2018-01-25,146968.59,1723776.81,1.8335,93.67
2018-01-26,148780.33,1746227.29,1.8112,93.74
2018-01-29,148340.4,1738529.58,1.8165,93.72
2018-01-30,147010.47,1720650.65,1.833,93.67
2018-01-31,147501.81,1731856.63,1.8269,93.69
2018-02-01,146736.77,1719012.55,1.8364,93.66
2018-02-02,142964.27,1654030.27,1.8849,93.49
2018-02-05,140616.08,1569457.02,0.4949,7.24
2018-02-06,140158.33,1635950.22,0.0,0.0
2018-02-07,140158.33,1621676.82,0.0,0.0
2018-02-08,140158.33,1559057.88,0.0,0.0
2018-02-09,140158.33,1611267.04,0.0,0.0
2018-02-12,140158.33,1632508.51,0.0,0.0
2018-02-13,140158.33,1651866.7,0.0,0.0
2018-02-14,140158.33,1693407.51,0.0,0.0
2018-02-15,140158.33,1736976.53,0.0,0.0
2018-02-16,140158.33,1728185.3,0.0,0.0
2018-02-20,140158.33,1740430.3,0.0,0.0
2018-02-21,140158.33,1719257.81,0.0,0.0
2018-02-22,140158.33,1726501.84,0.0,0.0
2018-02-23,140158.33,1755401.05,0.0,0.0
2018-02-26,140342.05,1777143.2,0.4991,9.95
2018-02-27,140296.81,1766446.02,0.4993,9.92
2018-02-28,140275.75,1751232.71,0.4994,9.9
2018-03-01,140032.39,1704071.04,0.5002,9.75
2018-03-02,140126.77,1723945.42,0.4999,9.81
2018-03-05,140174.35,1727921.7,0.4997,9.84
2018-03-06,140162.65,1745507.48,0.4998,9.83
2018-03-07,140034.73,1740406.0,0.5002,9.75
2018-03-08,140183.71,1750693.8,0.4997,9.85
2018-03-09,140420.83,1783368.36,0.4989,10.0
2018-03-12,140561.95,1803749.54,1.4925,33.46
2018-03-13,139854.42,1784162.57,1.5,33.12
2018-03-14,139841.42,1781533.56,1.5002,33.11
2018-03-15,139862.73,1784202.52,1.5,33.12
2018-03-16,139561.51,1780733.44,1.5032,32.98
2018-03-19,138578.49,1735204.83,0.5055,9.87
2018-03-20,138573.81,1756284.66,0.5055,9.86
2018-03-21,138264.15,1735314.76,0.5066,9.66
2018-03-22,138145.21,1696272.03,0.0,0.0
2018-03-23,138145.21,1648028.36,0.0,0.0
2018-03-26,138145.21,1721541.34,0.0,0.0
2018-03-27,138145.21,1640960.29,0.0,0.0
2018-03-28,138145.21,1620719.27,0.0,0.0
2018-03-29,138145.21,1660836.99,0.0,0.0
2018-04-02,138145.21,1621035.95,0.0,0.0
2018-04-03,138145.21,1642169.96,0.0,0.0
2018-04-04,138145.21,1662574.03,0.0,0.0
2018-04-05,138145.21,1656856.42,0.0,0.0
2018-04-06,138145.21,1611666.99,0.0,0.0
2018-04-09,138145.21,1624775.52,0.0,0.0
2018-04-10,138145.21,1676426.02,0.0,0.0
2018-04-11,138145.21,1665636.03,0.0,0.0
2018-04-12,138145.21,1698178.04,0.0,0.0
2018-04-13,138145.21,1692098.79,0.0,0.0
2018-04-16,138145.21,1699864.0,0.0,0.0
2018-04-17,138145.21,1734768.78,0.0,0.0
2018-04-18,138122.06,1729444.81,0.4992,12.59
2018-04-19,137629.4,1690243.66,0.501,12.27
2018-04-20,137389.34,1653989.77,0.0,0.0
2018-04-23,137389.34,1638669.98,0.0,0.0
2018-04-24,137389.34,1609254.63,0.0,0.0
2018-04-25,137389.34,1601116.78,0.0,0.0
2018-04-26,137389.34,1631562.03,0.0,0.0
2018-04-27,137389.34,1623734.97,0.0,0.0
2018-04-30,137389.34,1629642.91,0.0,0.0
2018-05-01,137389.34,1657711.31,0.0,0.0
2018-05-02,137389.34,1684967.43,0.0,0.0
2018-05-03,137389.34,1703323.25,0.0,0.0
2018-05-04,137389.34,1756460.43,0.0,0.0
2018-05-07,137369.31,1789333.84,0.4996,9.06
2018-05-08,137483.94,1797390.31,0.9984,16.56
2018-05-09,137792.49,1824205.57,0.9962,16.75
2018-05-10,138248.53,1851687.33,1.4886,29.59
2018-05-11,137931.38,1830668.02,1.9986,47.85
2018-05-14,137978.6,1831636.59,1.9979,47.87
2018-05-15,137088.92,1793587.0,2.0109,47.53
2018-05-16,137443.35,1803027.68,2.0057,47.66
2018-05-17,137344.03,1801163.57,2.0071,47.63
2018-05-18,137070.11,1790807.14,2.0112,47.52
2018-05-21,137378.04,1795969.1,2.0066,47.64
2018-05-22,137188.14,1788018.45,2.0094,47.57
2018-05-23,137685.61,1808585.94,2.0022,47.76
2018-05-24,137620.81,1807819.56,2.0031,47.73
2018-05-25,137672.18,1813475.71,2.0024,47.75
2018-05-29,137228.16,1804655.42,2.0088,47.58
2018-05-30,137607.85,1817144.27,1.5061,29.67
2018-05-31,137528.13,1816429.45,1.507,29.63
2018-06-01,138262.77,1853849.05,1.499,30.0
2018-06-04,138832.03,1883842.5,1.4928,30.29
2018-06-05,138952.79,1890858.36,1.99,53.74
2018-06-06,139376.37,1894122.55,1.984,53.88
2018-06-07,139094.62,1882897.87,1.988,53.79
2018-06-08,139048.13,1873338.14,1.9887,53.77
2018-06-11,139043.03,1868948.85,1.9887,53.77
2018-06-12,139333.38,1880544.15,1.9846,53.87
2018-06-13,139112.51,1872162.43,1.9877,53.8
2018-06-14,139574.74,1888228.76,1.9812,53.95
2018-06-15,139122.41,1874613.52,1.9876,53.8
2018-06-18,138999.31,1878193.03,1.9894,53.76
2018-06-19,138414.55,1850787.13,1.9978,53.56
2018-06-20,138713.66,1861587.53,1.4987,44.64
2018-06-21,138133.44,1839803.6,1.505,44.41
2018-06-22,137899.82,1821596.32,1.5076,44.32
2018-06-25,136605.07,1770790.74,0.5123,13.17
2018-06-26,136641.39,1787233.21,0.0106,0.25
2018-06-27,136636.69,1765434.72,0.0106,0.25
2018-06-28,136634.82,1787376.87,0.0,0.0
2018-06-29,136634.82,1776347.97,0.0,0.0
2018-07-02,136634.82,1802319.18,0.0,0.0
2018-07-03,136634.82,1767892.13,0.0,0.0
2018-07-05,136634.82,1795798.07,0.0,0.0
2018-07-06,136634.82,1823337.28,0.0,0.0
2018-07-09,136634.82,1843386.87,0.0,0.0
2018-07-10,136634.82,1852751.98,0.0,0.0
2018-07-11,136634.82,1827326.54,0.0,0.0
2018-07-12,136634.82,1858508.06,0.0,0.0
2018-07-13,136618.65,1855710.7,0.5,19.46
2018-07-16,136321.08,1849184.15,1.4997,60.16
2018-07-17,136884.03,1869548.78,1.4936,60.33
2018-07-18,136910.2,1859732.3,1.4933,60.34
2018-07-19,136426.43,1863765.4,1.4986,60.2
2018-07-20,136359.21,1858604.12,1.4993,60.18
2018-07-23,136711.36,1858551.66,1.4955,60.28
2018-07-24,137721.78,1872823.69,1.4845,60.57
2018-07-25,138873.91,1894098.14,1.968,78.79
2018-07-26,138440.14,1899327.31,1.9741,78.72
2018-07-27,136915.76,1869883.97,1.9961,78.48
2018-07-30,135798.44,1839054.24,1.5095,59.27
2018-07-31,135989.6,1842944.85,1.5074,59.33
2018-08-01,137454.23,1898034.01,1.4913,59.76
2018-08-02,138539.04,1937730.89,1.4796,60.08
2018-08-03,138733.43,1944045.41,1.4776,60.13
2018-08-06,139004.17,1954347.39,1.4747,60.21
2018-08-07,139152.63,1957178.48,1.4731,60.25
2018-08-08,139298.16,1962711.98,1.9709,71.14
2018-08-09,139387.57,1965432.46,1.9696,71.16
2018-08-10,138679.68,1951833.54,1.9797,71.01
2018-08-13,138729.46,1960105.62,1.979,71.02
2018-08-14,139538.89,1980254.41,1.9675,71.19
2018-08-15,138788.44,1969856.54,1.9781,71.04
2018-08-16,139270.25,1978378.86,1.9713,71.14
2018-08-17,139092.3,1963681.54,1.4738,60.76
2018-08-20,138946.61,1963209.89,0.9844,47.48
2018-08-21,138982.42,1974846.34,0.9841,47.49
2018-08-22,138960.93,2000245.34,0.9843,47.48
2018-08-23,138966.55,2012109.83,0.9842,47.48
2018-08-24,139497.91,2032973.35,1.4783,56.56
2018-08-27,140201.2,2055379.18,1.4709,56.78
2018-08-28,140297.17,2057405.71,1.9677,77.66
2018-08-29,141454.52,2087416.61,1.9516,77.84
2018-08-30,141476.2,2092379.74,1.9513,77.84
2018-08-31,141982.44,2106845.36,1.9444,77.92
2018-09-04,142022.68,2113232.04,1.9438,77.93
2018-09-05,141103.02,2089453.18,1.9565,77.79
2018-09-06,139978.97,2054317.01,1.9722,77.61
2018-09-07,139383.07,2042456.24,1.4796,57.08
2018-09-10,139201.31,2036512.73,1.4815,57.03
2018-09-11,139948.56,2059832.68,1.4736,57.26
2018-09-12,139387.74,2031941.92,1.4795,57.08
2018-09-13,140448.45,2066905.68,1.4683,57.41
2018-09-14,140360.57,2067402.24,1.4693,57.38
2018-09-17,139272.6,2029497.77,1.4807,57.05
2018-09-18,139394.51,2026141.45,1.4794,57.09
2018-09-19,139497.2,2030551.4,1.4783,57.12
2018-09-20,139762.84,2028217.04,1.4755,57.2
2018-09-21,139114.2,2005921.07,1.4824,57.0
2018-09-24,139490.6,2026890.1,1.4784,57.12
2018-09-25,139759.8,2042886.07,1.4756,57.2
2018-09-26,139346.79,2031218.78,1.4799,57.07
2018-09-27,140059.66,2056027.58,1.4724,57.29
2018-09-28,140795.8,2094108.65,1.4647,57.51
2018-10-01,141512.6,2122700.77,1.4573,57.73
2018-10-02,141616.04,2123892.82,1.4562,57.76
2018-10-03,142007.58,2137766.85,1.4522,57.88
2018-10-04,140833.3,2091805.62,1.4643,57.52
2018-10-05,139704.16,2048221.62,1.4762,57.18
2018-10-08,139447.98,2032609.26,1.4789,57.1
2018-10-09,139779.4,2043843.35,1.4754,57.2
2018-10-10,136579.55,1930874.72,1.0014,47.66
2018-10-11,135765.65,1893176.96,0.0,0.0
2018-10-12,135765.65,1964991.22,0.0,0.0
2018-10-15,135765.65,1910685.85,0.0,0.0
2018-10-16,135765.65,1968041.71,0.0,0.0
2018-10-17,135765.65,1955707.8,0.0,0.0
2018-10-18,135765.65,1915248.0,0.0,0.0
2018-10-19,135765.65,1904769.06,0.0,0.0
2018-10-22,135765.65,1917378.31,0.0,0.0
2018-10-23,135765.65,1900869.04,0.0,0.0
2018-10-24,135765.65,1795194.52,0.0,0.0
2018-10-25,135765.65,1850330.48,0.0,0.0
2018-10-26,135765.65,1803617.38,0.0,0.0
2018-10-29,135765.65,1741772.09,0.0,0.0
2018-10-30,135765.65,1795611.12,0.0,0.0
2018-10-31,135765.65,1850678.92,0.0,0.0
2018-11-01,135765.65,1884774.2,0.0,0.0
2018-11-02,135765.65,1806963.54,0.0,0.0
2018-11-05,135765.65,1769820.4,0.0,0.0
2018-11-06,135765.65,1781322.31,0.0,0.0
2018-11-07,135765.65,1826915.6,0.0,0.0
2018-11-08,135765.65,1797274.39,0.0,0.0
2018-11-09,135765.65,1773259.73,0.0,0.0
2018-11-12,135765.65,1677705.19,0.0,0.0
2018-11-13,135765.65,1693694.59,0.0,0.0
2018-11-14,135765.65,1664628.24,0.0,0.0
2018-11-15,135765.65,1703433.64,0.0,0.0
2018-11-16,135765.65,1615493.64,0.0,0.0
2018-11-19,135765.65,1519780.49,0.0,0.0
2018-11-20,135765.65,1489940.71,0.0,0.0
2018-11-21,135765.65,1481257.33,0.0,0.0
2018-11-23,135765.65,1458621.79,0.0,0.0
2018-11-26,135765.65,1497077.03,0.0,0.0
2018-11-27,135765.65,1496832.81,0.0,0.0
2018-11-28,135765.65,1554085.72,0.0,0.0
2018-11-29,135765.65,1541212.34,0.0,0.0
2018-11-30,135765.65,1556232.36,0.0,0.0
2018-12-03,135765.65,1604086.25,0.0,0.0
2018-12-04,135765.65,1519743.05,0.0,0.0
2018-12-06,135765.65,1517631.58,0.0,0.0
2018-12-07,135765.65,1452852.17,0.0,0.0
2018-12-10,135765.65,1470817.04,0.0,0.0
2018-12-11,135765.65,1459140.33,0.0,0.0
2018-12-12,135765.65,1466357.82,0.0,0.0
2018-12-13,135765.65,1474489.76,0.0,0.0
2018-12-14,135765.65,1436928.01,0.0,0.0
2018-12-17,135765.65,1414977.33,0.0,0.0
2018-12-18,135765.65,1436906.0,0.0,0.0
2018-12-19,135765.65,1388366.96,0.0,0.0
2018-12-20,135765.65,1357572.35,0.0,0.0
2018-12-21,135765.65,1306675.5,0.0,0.0
2018-12-24,135765.65,1278670.53,0.0,0.0
2018-12-26,135765.65,1358693.28,0.0,0.0
2018-12-27,135765.65,1350878.19,0.0,0.0
2018-12-28,135765.65,1356222.7,0.0,0.0
2018-12-31,135765.65,1363196.31,0.0,0.0
2019-01-02,135765.65,1373186.96,0.0,0.0
2019-01-03,135765.65,1273342.08,0.0,0.0
2019-01-04,135765.65,1336035.83,0.0,0.0
2019-01-07,135765.65,1353770.72,0.0,0.0
2019-01-08,135765.65,1360146.93,0.0,0.0
2019-01-09,135765.65,1378594.44,0.0,0.0
2019-01-10,135765.65,1387333.55,0.0,0.0
2019-01-11,135765.65,1386700.58,0.0,0.0
2019-01-14,135765.65,1377129.69,0.0,0.0
2019-01-15,135765.65,1398225.92,0.0,0.0
2019-01-16,135765.65,1404558.97,0.0,0.0
2019-01-17,135765.65,1418829.06,0.0,0.0
2019-01-18,135765.65,1439347.84,0.0,0.0
2019-01-22,135765.65,1395085.56,0.0,0.0
2019-01-23,135765.65,1400488.8,0.0,0.0
2019-01-24,135765.65,1417321.26,0.0,0.0
2019-01-25,135765.65,1450394.72,0.0,0.0
2019-01-28,135765.65,1381963.16,0.0,0.0
2019-01-29,135765.65,1355715.88,0.0,0.0
2019-01-30,135765.65,1425491.34,0.0,0.0
2019-01-31,135765.65,1454085.48,0.0,0.0
2019-02-01,135765.65,1455162.04,0.0,0.0
2019-02-04,135765.65,1493274.66,0.0,0.0
2019-02-05,135765.65,1511205.47,0.0,0.0
2019-02-06,135765.65,1513200.93,0.0,0.0
2019-02-07,135765.65,1479463.98,0.0,0.0
2019-02-08,135765.65,1478553.71,0.0,0.0
2019-02-11,135765.65,1469734.15,0.0,0.0
2019-02-12,135765.65,1495061.72,0.0,0.0
2019-02-13,135765.65,1496687.44,0.0,0.0
2019-02-14,135765.65,1503746.17,0.0,0.0
2019-02-15,135765.65,1508190.25,0.0,0.0
2019-02-19,135765.65,1510273.53,0.0,0.0
2019-02-20,135765.65,1518910.99,0.0,0.0
2019-02-21,135765.65,1503833.3,0.0,0.0
2019-02-22,135765.65,1524349.13,0.0,0.0
2019-02-25,135765.65,1529185.15,0.0,0.0
2019-02-26,135765.65,1526562.22,0.0,0.0
2019-02-27,135765.65,1524748.78,0.0,0.0
2019-02-28,135765.65,1514645.64,0.0,0.0
2019-03-01,135765.65,1533497.82,0.0,0.0
2019-03-04,135765.65,1539042.28,0.0,0.0
2019-03-05,135765.65,1540076.33,0.0,0.0
2019-03-06,135765.65,1522613.96,0.0,0.0
2019-03-07,135765.65,1502336.32,0.0,0.0
2019-03-08,135765.65,1507265.12,0.0,0.0
2019-03-11,135765.65,1568720.98,0.0,0.0
2019-03-12,135765.65,1585331.86,0.0,0.0
2019-03-13,135765.65,1605725.45,0.0,0.0
2019-03-14,135765.65,1605406.72,0.0,0.0
2019-03-15,135765.65,1627210.26,0.0,0.0
2019-03-18,135765.65,1633302.98,0.0,0.0
2019-03-19,135765.65,1646969.56,0.0,0.0
2019-03-20,135765.65,1655790.88,0.0,0.0
2019-03-21,135765.65,1714588.1,0.0,0.0
2019-03-22,135765.65,1671772.44,0.0,0.0
2019-03-25,135765.65,1649855.62,0.0,0.0
2019-03-26,135765.65,1648370.91,0.0,0.0
2019-03-27,135765.65,1651703.2,0.0,0.0
2019-03-28,135765.65,1653969.93,0.0,0.0
2019-03-29,135765.65,1667177.92,0.0,0.0
2019-04-01,135765.65,1685922.75,0.0,0.0
2019-04-02,135710.74,1701719.51,0.4997,23.18
2019-04-03,135760.24,1723549.14,0.4995,23.21
2019-04-04,135784.86,1725931.39,0.9976,43.42
2019-04-05,136079.31,1737706.75,0.9954,43.55
2019-04-08,136173.54,1753208.52,0.9947,43.59
2019-04-09,135913.89,1742439.25,0.9966,43.48
2019-04-10,136169.2,1756026.02,0.9948,43.58
2019-04-11,136094.84,1747595.79,0.9953,43.55
2019-04-12,136428.54,1746668.27,0.9929,43.69
2019-04-15,136412.11,1735482.17,0.993,43.68
2019-04-16,136528.37,1745918.16,0.9922,43.73
2019-04-17,136547.12,1762576.1,0.992,43.74
2019-04-18,136544.91,1763765.02,1.4915,60.77
2019-04-22,136880.58,1774983.42,1.4878,60.87
2019-04-23,137837.67,1798594.1,1.4775,61.14
2019-04-24,137480.2,1795961.13,1.4813,61.04
2019-04-25,137711.09,1778601.15,1.4788,61.1
2019-04-26,138074.01,1754122.06,1.4749,61.2
2019-04-29,138529.99,1762614.64,1.4701,61.33
2019-04-30,136323.79,1729539.89,0.9936,44.44
2019-05-01,135989.8,1766037.83,0.9961,44.3
2019-05-02,135798.32,1765035.53,0.9975,44.23
2019-05-03,136558.82,1782614.8,0.9919,44.54
2019-05-06,136251.4,1760084.54,0.9942,44.41
2019-05-07,135162.19,1712506.66,1.0022,43.96
2019-05-08,134938.4,1712847.37,0.0,0.0
2019-05-09,134938.4,1692506.88,0.0,0.0
2019-05-10,134938.4,1673650.44,0.0,0.0
2019-05-13,134938.4,1585988.63,0.0,0.0
2019-05-14,134938.4,1607232.66,0.0,0.0
2019-05-15,134938.4,1621594.73,0.0,0.0
2019-05-16,134938.4,1623501.86,0.0,0.0
2019-05-17,134938.4,1605045.83,0.0,0.0
2019-05-20,134938.4,1560103.17,0.0,0.0
2019-05-21,134938.4,1587359.52,0.0,0.0
2019-05-22,134938.4,1562903.7,0.0,0.0
2019-05-23,134938.4,1532628.72,0.0,0.0
2019-05-24,134938.4,1522788.62,0.0,0.0
2019-05-28,134938.4,1514294.53,0.0,0.0
2019-05-29,134938.4,1498006.5,0.0,0.0
2019-05-30,134938.4,1499737.68,0.0,0.0
2019-05-31,134938.4,1471168.24,0.0,0.0
2019-06-03,134938.4,1443649.74,0.0,0.0
2019-06-04,134938.4,1501679.88,0.0,0.0
2019-06-05,134938.4,1509253.59,0.0,0.0
2019-06-06,134938.4,1529101.29,0.0,0.0
2019-06-07,134938.4,1561561.89,0.0,0.0
2019-06-10,134938.4,1583892.41,0.0,0.0
2019-06-11,134938.4,1599437.25,0.0,0.0
2019-06-12,134938.4,1584112.83,0.0,0.0
2019-06-13,134938.4,1592270.03,0.0,0.0
2019-06-14,134938.4,1575444.31,0.0,0.0
2019-06-17,134938.4,1583595.82,0.0,0.0
2019-06-18,134938.4,1627837.21,0.0,0.0
2019-06-19,134830.03,1626202.16,1.4959,48.35
2019-06-20,135428.03,1638789.7,1.4893,48.58
2019-06-21,135156.56,1631775.16,1.4923,48.47
2019-06-24,135058.35,1631203.87,1.4934,48.44
2019-06-25,134187.88,1607030.24,1.5031,48.1
2019-06-26,134528.96,1644496.57,1.4993,48.23
2019-06-27,134715.62,1654136.26,1.4972,48.31
2019-06-28,134784.02,1650216.13,1.4964,48.33
2019-07-01,135588.87,1676320.73,1.4875,48.64
2019-07-02,135832.53,1674507.23,1.4849,48.73
2019-07-03,136355.2,1686429.11,1.4792,48.93
2019-07-05,136262.7,1680874.76,1.4802,48.89
2019-07-08,135441.11,1650483.4,1.9914,65.86
2019-07-09,135824.16,1658156.23,1.9858,65.95
2019-07-10,136666.38,1678431.95,1.9735,66.16
2019-07-11,136694.33,1688381.68,1.9731,66.17
2019-07-12,137089.52,1699656.41,1.9675,66.27
2019-07-15,137401.94,1708590.98,1.963,66.34
2019-07-16,137199.69,1704880.35,1.9659,66.29
2019-07-17,136661.96,1704339.94,1.9736,66.16
2019-07-18,136960.72,1716146.62,1.9693,66.24
2019-07-19,136100.05,1694054.34,1.9818,66.02
2019-07-22,136809.44,1724267.08,1.9715,66.2
2019-07-23,137466.76,1745212.03,1.9621,66.36
2019-07-24,137589.01,1751376.42,1.9603,66.39
2019-07-25,137038.56,1728718.39,1.9682,66.25
2019-07-26,139794.27,1759088.0,1.9294,66.92
2019-07-29,139713.3,1765937.55,1.9305,66.9
2019-07-30,139193.16,1760282.36,1.9377,66.78
2019-07-31,138607.19,1758168.42,1.9459,66.64
2019-08-01,137795.63,1725927.06,1.9574,66.44
2019-08-02,136716.48,1692091.4,1.4835,43.64
2019-08-05,134392.99,1605369.57,1.0076,27.07
2019-08-06,134903.75,1630692.96,0.5042,18.01
2019-08-07,135003.97,1645118.3,0.5039,18.07
2019-08-08,135632.28,1684598.36,0.5015,18.45
2019-08-09,135273.51,1658784.92,0.5029,18.24
2019-08-12,134974.71,1645069.65,0.504,18.06
2019-08-13,135435.98,1701507.44,0.5023,18.33
2019-08-14,134762.03,1648081.96,0.5048,17.93
2019-08-15,134867.23,1641323.58,0.5044,17.99
2019-08-16,135072.44,1693969.04,0.5036,18.12
2019-08-19,135512.97,1745808.63,0.502,18.38
2019-08-20,135162.08,1734003.21,0.5033,18.17
2019-08-21,135329.12,1755459.43,0.5027,18.27
2019-08-22,135327.88,1754963.65,0.5027,18.27
2019-08-23,134540.62,1676776.34,0.5056,17.79
2019-08-26,134626.35,1706853.66,0.0,0.0
2019-08-27,134626.35,1686801.73,0.0,0.0
2019-08-28,134626.35,1692634.45,0.0,0.0
2019-08-29,134626.35,1728823.18,0.0,0.0
2019-08-30,134626.35,1727945.6,0.0,0.0
2019-09-03,134626.35,1700656.06,0.0,0.0
2019-09-04,134626.35,1732188.57,0.0,0.0
2019-09-05,134626.35,1786495.37,0.0,0.0
2019-09-06,134412.8,1782418.19,1.9979,51.82
2019-09-09,134477.6,1790766.9,1.997,51.84
2019-09-10,134580.89,1808573.83,1.9955,51.88
2019-09-11,135197.38,1846059.65,1.9904,52.18
2019-09-12,135571.38,1847223.92,1.9849,52.31
2019-09-13,135425.89,1822709.53,1.987,52.26
2019-09-16,135047.44,1821149.22,1.9926,52.12
2019-09-17,135219.85,1827124.0,1.99,52.18
2019-09-18,135204.37,1834043.77,1.9903,52.18
2019-09-19,135146.01,1819662.04,1.9911,52.16
2019-09-20,134353.01,1791303.12,2.0029,51.88
2019-09-23,134375.85,1801946.26,1.5016,44.43
2019-09-24,133709.25,1786572.27,1.5091,44.15
2019-09-25,134043.81,1822698.8,0.5048,13.75
2019-09-26,133989.58,1814213.67,0.505,13.71
2019-09-27,133748.85,1790604.54,0.5059,13.56
2019-09-30,133680.71,1819447.19,0.5062,13.51
2019-10-01,133458.47,1817660.84,0.507,13.37
2019-10-02,133289.63,1782283.67,0.0041,0.08
2019-10-03,133290.56,1815239.8,0.0041,0.08
2019-10-04,133293.65,1850589.06,0.0041,0.09
2019-10-07,133293.68,1855781.4,0.0041,0.09
2019-10-08,133292.35,1820190.89,0.0041,0.08
2019-10-09,133293.66,1844471.94,0.0041,0.09
2019-10-10,133295.19,1866368.31,0.0041,0.09
2019-10-11,133298.25,1903941.43,0.0041,0.09
2019-10-14,133298.08,1904152.31,0.0041,0.09
2019-10-15,133297.81,1933298.51,0.0041,0.09
2019-10-16,133230.32,1923426.39,0.5043,9.11
2019-10-17,133235.73,1929992.3,0.5043,9.11
2019-10-18,133001.07,1922508.83,0.5052,8.95
2019-10-21,133344.81,1955864.27,0.5039,9.19
2019-10-22,133319.78,1950863.47,0.504,9.17
2019-10-23,133289.2,1967356.58,0.5041,9.15
2019-10-24,133398.96,1974950.12,0.5037,9.23
2019-10-25,133875.85,2009776.73,0.5019,9.55
2019-10-28,134292.85,2032554.38,1.9848,60.69
2019-10-29,133469.96,1990851.96,1.997,60.44
2019-10-30,133668.36,1991566.31,1.994,60.5
2019-10-31,133456.41,2010396.92,1.9972,60.44
2019-11-01,134209.25,2049650.8,1.986,60.66
2019-11-04,135197.51,2081459.84,1.9715,60.95
2019-11-05,135148.83,2077918.26,1.9722,60.94
2019-11-06,134976.35,2073065.7,1.9747,60.89
2019-11-07,135422.28,2088220.09,1.9682,61.02
2019-11-08,135577.4,2090873.85,1.966,61.06
2019-11-11,135366.4,2098657.27,1.969,61.0
2019-11-12,135565.06,2101424.85,1.9661,61.06
2019-11-13,135502.27,2109721.92,1.967,61.04
2019-11-14,135784.32,2107280.79,1.963,61.12
2019-11-15,136158.44,2112764.32,1.9576,61.23
2019-11-18,136505.34,2136696.37,1.9526,61.32
2019-11-19,136162.02,2120904.59,1.9575,61.23
2019-11-20,135961.59,2112381.21,1.9604,61.17
2019-11-21,135777.86,2103966.27,1.9631,61.12
2019-11-22,135808.87,2103660.43,1.9626,61.13
2019-11-25,137111.16,2154196.87,1.944,61.5
2019-11-26,137063.38,2136048.78,1.9446,61.48
2019-11-27,137419.96,2155694.67,1.9396,61.58
2019-11-29,136998.95,2147012.32,1.9456,61.46
2019-12-02,135834.77,2109773.95,1.9622,61.13
2019-12-03,135190.08,2084897.41,1.4797,47.58
2019-12-04,135591.5,2105111.29,1.4713,47.64
2019-12-05,135646.29,2122246.1,1.4707,47.67
2019-12-06,136366.7,2157692.19,1.463,47.94
2019-12-09,135865.88,2140999.23,2.0065,66.7
2019-12-10,136063.86,2152342.44,2.0036,66.74
2019-12-11,136679.57,2171985.97,1.9946,66.89
2019-12-12,137586.37,2194224.32,1.9814,67.11
2019-12-13,137998.62,2210402.17,1.9755,67.21
2019-12-16,138941.15,2238333.08,1.9621,67.43
2019-12-17,139195.87,2247683.31,1.9585,67.49
2019-12-18,139227.87,2247320.33,1.9581,67.5
2019-12-19,139895.77,2265473.07,1.9487,67.65
2019-12-20,140158.7,2272229.4,1.9451,67.72
2019-12-23,140583.02,2291019.49,1.9392,67.81
2019-12-24,140599.03,2290540.16,1.939,67.82
2019-12-26,141525.77,2321729.76,1.9263,68.03
2019-12-27,141333.89,2313691.79,1.9289,67.98
2019-12-30,140860.8,2305775.66,1.9354,67.88
2019-12-31,141342.28,2323050.8,1.8933,66.66
2020-01-02,142896.45,2372494.21,1.8727,67.03
2020-01-03,142133.9,2346981.92,2.0105,82.0
2020-01-06,143252.11,2368043.08,1.9948,82.14
2020-01-07,143174.28,2368409.33,1.9959,82.13
2020-01-08,144125.52,2393853.58,1.9828,82.25
2020-01-09,145503.2,2433267.27,1.964,82.42
2020-01-10,145641.57,2441039.74,1.9621,82.43
2020-01-13,147367.95,2493693.1,1.9391,82.64
2020-01-14,146404.8,2460414.26,1.9519,82.52
2020-01-15,146396.92,2452000.69,1.952,82.52
2020-01-16,147614.11,2481486.96,1.9359,82.67
2020-01-17,148631.05,2504333.55,1.9227,82.79
2020-01-21,148329.37,2491747.37,1.9266,82.75
2020-01-22,148659.06,2502892.91,1.9223,82.79
2020-01-23,149093.36,2517248.57,1.9167,82.84
2020-01-24,148083.43,2502024.19,1.9298,82.72
2020-01-27,145066.45,2424462.76,1.9699,82.36
2020-01-28,146753.58,2488860.06,1.0405,51.77
2020-01-29,147479.65,2513456.52,1.0354,52.01
2020-01-30,147487.58,2512157.46,1.0353,52.01
2020-01-31,145482.5,2417751.2,1.0496,51.35
2020-02-03,146572.84,2435808.64,1.0418,51.71
2020-02-04,147449.0,2494260.04,1.0356,52.0
2020-02-05,147772.66,2516136.98,1.0333,52.1
2020-02-06,148802.34,2548733.59,1.0262,52.43
2020-02-07,148136.65,2518870.26,1.5294,81.92
2020-02-10,149379.71,2562191.56,1.5167,82.07
2020-02-11,149369.01,2566520.54,2.0001,89.8
2020-02-12,150915.11,2615124.3,1.9796,89.9
2020-02-13,150468.58,2599093.03,1.9855,89.87
2020-02-14,151530.27,2649300.23,1.9716,89.94
2020-02-18,151205.32,2640269.7,1.9758,89.92
2020-02-19,152949.19,2709318.54,1.9533,90.04
2020-02-20,151840.84,2676465.06,1.9675,89.96
2020-02-21,149069.58,2597693.81,2.0041,89.78
2020-02-24,143298.75,2460134.68,1.0941,41.36
2020-02-25,143126.78,2375592.36,0.5043,7.93
2020-02-26,143369.26,2411248.69,0.5035,8.08
2020-02-27,142572.93,2265619.29,0.0,0.0
2020-02-28,142572.93,2314027.78,0.0,0.0
2020-03-02,142572.93,2459592.88,0.0,0.0
2020-03-03,142572.93,2376223.41,0.0,0.0
2020-03-04,142572.93,2498147.0,0.0,0.0
2020-03-05,142572.93,2407890.97,0.0,0.0
2020-03-06,142572.93,2365845.17,0.0,0.0
2020-03-09,142572.93,2185354.6,0.0,0.0
2020-03-10,142572.93,2329361.83,0.0,0.0
2020-03-11,142572.93,2228835.38,0.0,0.0
2020-03-12,142572.93,1998745.38,0.0,0.0
2020-03-13,142572.93,2224115.09,0.0,0.0
2020-03-16,142572.93,1908417.57,0.0,0.0
2020-03-17,142572.93,2026175.13,0.0,0.0
2020-03-18,142572.93,1951791.72,0.0,0.0
2020-03-19,142572.93,1973915.91,0.0,0.0
2020-03-20,142572.93,1872756.19,0.0,0.0
2020-03-23,142572.93,1865000.22,0.0,0.0
2020-03-24,142572.93,2082436.08,0.0,0.0
2020-03-25,142572.93,2061680.9,0.0,0.0
2020-03-26,142572.93,2167747.85,0.0,0.0
2020-03-27,142572.93,2093918.39,0.0,0.0
2020-03-30,142572.93,2169806.6,0.0,0.0
2020-03-31,142572.93,2164046.81,0.0,0.0
2020-04-01,142572.93,2034790.59,0.0,0.0
2020-04-02,142572.93,2089888.41,0.0,0.0
2020-04-03,142572.93,2038162.92,0.0,0.0
2020-04-06,142572.93,2220897.07,0.0,0.0
2020-04-07,142572.93,2183485.78,0.0,0.0
2020-04-08,142572.93,2241423.25,0.0,0.0
2020-04-09,142572.93,2240494.63,0.0,0.0
2020-04-13,142572.93,2282756.02,0.0,0.0
2020-04-14,142572.93,2396315.22,0.0,0.0
2020-04-15,142730.52,2373014.54,1.4882,18.12
2020-04-16,143313.43,2420462.74,1.4822,18.45
2020-04-17,143234.25,2403735.58,1.483,18.4
2020-04-20,142722.03,2358707.12,1.9894,24.62
2020-04-21,141297.98,2261152.53,2.0095,23.86
2020-04-22,142567.91,2350894.83,1.9916,24.53
2020-04-23,142555.01,2342999.9,1.9918,24.53
2020-04-24,143139.86,2395723.72,1.9836,24.84
2020-04-27,143363.66,2416084.79,1.9805,24.95
2020-04-28,142605.92,2371404.18,1.991,24.55
2020-04-29,144229.9,2456595.16,1.9686,25.4
2020-04-30,144306.75,2468115.6,1.9676,25.44
2020-05-01,143417.7,2412822.58,1.9798,24.98
2020-05-04,143908.74,2455056.33,1.973,25.24
2020-05-05,144415.94,2487576.39,1.9661,25.5
2020-05-06,144647.54,2511111.92,1.9629,25.62
2020-05-07,145224.06,2549585.61,1.9551,25.92
2020-05-08,145864.19,2602569.68,1.9466,26.24
2020-05-11,146494.7,2654732.27,1.9382,26.56
2020-05-12,145694.35,2603062.35,1.9488,26.15
2020-05-13,145221.71,2576594.32,1.9552,25.91
2020-05-14,145700.22,2613954.66,1.9488,26.16
2020-05-15,146261.27,2656843.67,1.9413,26.44
2020-05-18,147026.4,2721275.65,1.9312,26.82
2020-05-19,146913.65,2715929.96,1.9327,26.77
2020-05-20,147736.53,2769586.07,1.9219,27.18
2020-05-21,147337.81,2737143.04,1.9271,26.98
2020-05-22,147723.35,2773487.69,1.9221,27.17
2020-05-26,147395.29,2734426.0,1.9263,27.01
2020-05-27,147312.41,2722096.2,1.9274,26.97
2020-05-28,147251.5,2718175.38,1.9282,26.94
2020-05-29,147881.58,2761288.73,1.92,27.25
2020-06-01,147985.13,2772363.56,1.9187,27.3
2020-06-02,148181.44,2783571.45,1.9161,27.39
2020-06-03,148215.43,2786387.13,1.9157,27.41
2020-06-04,147860.25,2767799.28,1.9203,27.24
2020-06-05,148711.33,2832791.99,1.9093,27.65
2020-06-08,148815.73,2832922.82,1.908,27.7
2020-06-09,149490.63,2905319.33,1.8993,28.03
2020-06-10,150306.72,2980787.45,1.889,28.42
2020-06-11,148179.22,2826163.2,1.9162,27.39
2020-06-12,148570.28,2856573.28,1.9111,27.58
2020-06-15,149126.59,2903131.75,1.904,27.85
2020-06-16,149705.52,2940764.72,1.8966,28.13
2020-06-17,149928.62,2957015.66,1.8938,28.24
2020-06-18,149814.11,2952526.1,1.8952,28.18
2020-06-19,149719.56,2945624.55,1.8964,28.14
2020-06-22,150570.76,3019852.01,1.8857,28.55
2020-06-23,150942.34,3049855.56,1.8811,28.72
2020-06-24,150056.65,2989312.77,1.8922,28.3
2020-06-25,150621.37,3039735.64,1.8851,28.57
2020-06-26,149094.05,2936403.22,1.9044,27.84
2020-06-29,149492.32,2985925.9,1.4209,21.4
2020-06-30,150099.84,3036766.51,1.4152,21.72
2020-07-01,150249.7,3043539.91,1.4137,21.79
2020-07-02,150409.9,3058562.34,1.4122,21.88
2020-07-06,151235.19,3134556.44,1.4045,22.3
2020-07-07,151055.29,3129369.44,1.9052,32.33
2020-07-08,151957.91,3207615.66,1.8939,32.73
2020-07-09,152544.85,3248471.48,1.8866,32.99
2020-07-10,152833.59,3253859.14,1.883,33.12
2020-07-13,151838.92,3194082.35,1.8954,32.68
2020-07-14,152520.92,3258402.07,1.8869,32.98
2020-07-15,152451.05,3254943.49,1.8878,32.95
2020-07-16,152104.63,3222785.09,1.8921,32.8
2020-07-17,152176.66,3226815.13,1.8912,32.83
2020-07-20,153563.56,3307636.36,1.8741,33.43
2020-07-21,152976.73,3262209.87,2.0041,36.17
2020-07-22,153276.98,3280792.34,2.0001,36.3
2020-07-23,151541.47,3157357.51,2.0231,35.57
2020-07-24,151112.51,3156607.8,1.5574,27.75
2020-07-27,151797.39,3225436.5,1.5504,28.07
2020-07-28,151150.94,3169808.91,1.557,27.77
2020-07-29,151787.6,3232956.71,1.5505,28.07
2020-07-30,152128.42,3271847.16,1.547,28.23
2020-07-31,151879.02,3442971.15,1.5496,28.11
2020-08-03,152403.56,3531779.47,1.5442,28.36
2020-08-04,152615.93,3565643.56,1.9932,35.98
2020-08-05,152833.42,3580504.33,1.9904,36.07
2020-08-06,153752.96,3660704.48,1.9785,36.45
2020-08-07,153113.77,3594627.43,1.9868,36.19
2020-08-10,153192.44,3618968.84,1.9857,36.22
2020-08-11,152090.18,3521318.72,2.0001,35.76
2020-08-12,153687.87,3655133.14,1.9793,36.43
2020-08-13,154018.27,3692873.09,1.9751,36.56
2020-08-14,153982.49,3700844.91,1.9756,36.55
2020-08-17,154961.99,3778279.33,1.9631,36.95
2020-08-18,155534.35,3796676.15,1.9558,37.18
2020-08-19,155209.97,3783416.16,1.9599,37.05
2020-08-20,156006.99,3837456.89,1.9499,37.37
2020-08-21,157259.13,4001580.01,1.9344,37.87
2020-08-24,157681.79,4034995.17,1.9292,38.04
2020-08-25,157938.41,4025160.86,1.9261,38.14
2020-08-26,158875.8,4068749.58,1.9147,38.5
2020-08-27,158388.48,4023839.6,1.9206,38.31
2020-08-28,159068.25,4076405.5,1.9124,38.58
2020-08-31,159721.06,4173411.07,1.9046,38.83
2020-09-01,161231.87,4317950.87,1.8867,39.4
2020-09-02,162277.44,4336810.14,1.8746,39.79
2020-09-03,158107.49,3988031.86,1.924,38.2
2020-09-04,157028.62,3937518.22,1.9372,37.78
2020-09-08,154124.01,3701442.53,1.9737,36.61
2020-09-09,155892.98,3872471.72,0.8989,15.53
2020-09-10,155113.79,3755690.42,0.9034,15.1
2020-09-11,154819.66,3711378.53,0.9051,14.94
2020-09-14,155834.21,3844623.89,0.8993,15.5
2020-09-15,155964.14,3867337.29,0.8985,15.57
2020-09-16,155160.56,3751476.55,0.9032,15.13
2020-09-17,154924.92,3707003.68,0.9045,15.0
2020-09-18,154301.0,3607456.63,0.9082,14.66
2020-09-21,154349.72,3693759.44,0.4618,7.58
2020-09-22,154462.39,3745559.4,0.4615,7.65
2020-09-23,153981.8,3594820.93,0.4629,7.36
2020-09-24,154191.47,3640532.35,0.4623,7.49
2020-09-25,154683.05,3773077.84,0.4608,7.78
2020-09-28,154833.82,3844543.32,0.4604,7.87
2020-09-29,155012.17,3849077.65,0.4598,7.98
2020-09-30,155297.11,3911826.28,0.459,8.15
2020-10-01,155375.65,3944704.63,0.4587,8.19
2020-10-02,154859.3,3810861.3,0.4603,7.89
2020-10-05,155401.83,3940817.1,0.4587,8.21
2020-10-06,155489.72,3881673.59,0.4584,8.26
2020-10-07,155702.43,3943785.74,0.4578,8.39
2020-10-08,155585.32,3935135.82,0.4581,8.32
2020-10-09,155557.47,3970807.07,0.9548,20.76
2020-10-12,156303.09,4165506.88,0.9502,21.14
2020-10-13,155712.15,4109475.08,1.999,37.79
2020-10-14,155327.37,4093168.4,2.0039,37.63
2020-10-15,155042.45,4069291.04,2.0076,37.52
2020-10-16,154674.2,4024822.77,2.0124,37.37
2020-10-19,153546.27,3928388.07,1.5214,30.73
2020-10-20,153808.54,3975203.55,1.5188,30.85
2020-10-21,153676.16,3958250.11,1.5201,30.79
2020-10-22,153466.87,3926145.69,1.0176,21.55
2020-10-23,153617.81,3942581.15,0.5526,13.46
2020-10-26,153221.02,3884235.8,0.554,13.23
2020-10-27,153224.88,3941460.63,0.0499,0.83
2020-10-28,153154.41,3742689.69,0.0499,0.79
2020-10-29,153157.57,3868046.42,0.0,0.0
2020-10-30,153157.57,3711410.16,0.0,0.0
2020-11-02,153157.57,3717106.44,0.0,0.0
2020-11-03,153157.57,3798856.29,0.0,0.0
2020-11-04,153157.57,3984728.01,0.0,0.0
2020-11-05,153099.76,4102338.89,0.4959,6.27
2020-11-06,153084.67,4136790.33,0.496,6.26
2020-11-09,152411.67,3998082.79,1.0002,12.76
2020-11-10,152175.47,3896904.94,0.9962,19.48
2020-11-11,152377.21,4030672.14,0.9948,19.59
2020-11-12,152155.95,4027527.98,0.9963,19.47
2020-11-13,152595.13,4020050.76,0.9934,19.71
2020-11-16,152859.57,4062910.15,0.9917,19.84
2020-11-17,152681.0,4034107.18,0.9929,19.75
2020-11-18,152319.06,4004742.93,0.9952,19.56
2020-11-19,152502.28,4021641.48,0.994,19.66
2020-11-20,152241.7,3956964.11,0.9957,19.52
2020-11-23,152315.04,3899142.58,0.9953,19.56
2020-11-24,152841.41,3914139.18,0.9918,19.84
2020-11-25,152810.74,3958420.03,0.992,19.82
2020-11-27,152993.07,3977089.58,0.9908,19.91
2020-11-30,152723.52,4028508.31,0.9926,19.77
2020-12-01,153172.47,4102960.36,0.9897,20.01
2020-12-02,153582.3,4131218.71,1.9765,46.14
2020-12-03,153575.31,4113210.79,1.9766,46.13
2020-12-04,153774.16,4119046.02,1.9741,46.2
2020-12-07,154025.83,4149949.7,1.9709,46.29
2020-12-08,154220.39,4134548.59,1.9684,46.36
2020-12-09,152959.31,4035182.36,1.9846,45.92
2020-12-10,153182.22,4063822.92,1.9817,46.0
2020-12-11,153035.85,4054306.89,1.9836,45.94
2020-12-14,152910.63,4069627.37,1.9852,45.9
2020-12-15,154289.46,4187045.91,1.9675,46.38
2020-12-16,154425.73,4173982.27,1.9658,46.43
2020-12-17,154728.09,4197861.68,1.9619,46.54
2020-12-18,154136.33,4150911.32,1.9694,46.33
2020-12-21,154068.03,4185674.03,1.4775,40.27
2020-12-22,154573.55,4242264.98,1.4727,40.46
2020-12-23,154349.52,4199449.25,1.4748,40.38
2020-12-24,154669.77,4217840.13,1.4717,40.5
2020-12-28,155710.54,4301777.24,1.4619,40.9
2020-12-29,155455.59,4270802.12,1.4643,40.8
2020-12-30,155337.09,4266915.13,1.4654,40.76
2020-12-31,155371.75,4243386.38,1.4651,40.77
2021-01-04,154305.25,4182981.49,1.4752,40.36
2021-01-05,154859.47,4245396.65,1.4699,40.57
2021-01-06,154071.44,4081720.46,1.4775,40.27
2021-01-07,155537.15,4247251.93,1.4635,40.83
2021-01-08,156127.12,4267444.32,1.458,41.06
2021-01-11,155217.34,4237255.43,1.4666,40.71
2021-01-12,155159.0,4216193.91,1.4671,40.69
2021-01-13,155656.32,4261141.66,1.4624,40.88
2021-01-14,155189.6,4188066.63,1.4668,40.7
2021-01-15,154605.47,4119692.03,1.4724,40.48
2021-01-19,155222.77,4162773.85,1.4665,40.71
2021-01-20,156648.89,4295198.03,1.4532,41.25
2021-01-21,157413.17,4434090.65,1.9425,50.27
2021-01-22,157608.37,4458202.43,1.9401,50.34
2021-01-25,158419.91,4522254.65,1.9302,50.59
2021-01-26,158553.94,4507151.67,1.9286,50.63
2021-01-27,156507.32,4411270.02,1.9538,49.99
2021-01-28,156442.45,4345127.55,1.9546,49.97
2021-01-29,154623.25,4238338.1,1.9776,49.38
2021-02-01,156180.1,4320038.61,1.4734,36.26
2021-02-02,156895.0,4376308.03,1.4667,36.55
2021-02-03,157669.06,4381997.49,1.4595,36.86
2021-02-04,158384.44,4458303.98,1.4529,37.15
2021-02-05,158579.72,4447458.37,1.9499,52.43
2021-02-08,158916.96,4537137.96,1.9457,52.53
2021-02-09,158701.12,4501470.1,2.0026,53.47
2021-02-10,158685.95,4543263.85,2.0027,53.46
2021-02-11,158906.24,4589658.23,2.0,53.53
2021-02-12,159218.23,4566945.29,1.9961,53.62
2021-02-16,158996.43,4568496.38,1.9988,53.55
2021-02-17,158579.65,4484490.33,2.0041,53.43
2021-02-18,158020.96,4453114.46,1.5301,42.65
2021-02-19,157751.2,4461669.23,1.5328,42.56
2021-02-22,156573.54,4323439.11,1.5443,42.12
2021-02-23,156088.77,4299953.16,1.0074,24.96
2021-02-24,156525.26,4333985.47,1.0046,25.17
2021-02-25,155448.0,4114889.21,1.0115,24.65
2021-02-26,155369.07,4162602.95,1.0121,24.61
2021-03-01,156286.9,4306842.02,1.0061,25.06
2021-03-02,156060.86,4211112.8,1.0076,24.95
2021-03-03,155358.67,4079749.38,1.0121,24.61
2021-03-04,155128.44,4002464.12,0.5037,9.51
2021-03-05,155586.2,4050497.76,0.5023,9.77
2021-03-08,154936.82,3850183.29,0.5044,9.39
2021-03-09,155175.05,4041611.49,0.5036,9.53
2021-03-10,155144.82,4015804.11,0.5037,9.52
2021-03-11,155611.36,4121270.49,0.5022,9.79
2021-03-12,155244.94,4079636.9,0.5034,9.57
2021-03-15,155277.13,4169112.36,0.5033,9.59
2021-03-16,155385.3,4213859.13,1.0012,25.01
2021-03-17,155454.19,4205177.82,1.0008,25.04
2021-03-18,154666.01,4049390.68,1.0059,24.66
2021-03-19,154586.76,4053711.51,1.0064,24.62
2021-03-22,154800.4,4152557.4,1.005,24.73
2021-03-23,154692.14,4126639.83,1.0057,24.67
2021-03-24,154509.54,4034974.07,1.0069,24.59
2021-03-25,154285.07,4032930.52,0.5065,9.55
2021-03-26,154229.03,4076728.57,0.5067,9.52
2021-03-29,154381.71,4095080.77,0.5062,9.61
2021-03-30,154386.64,4060081.49,0.5062,9.61
2021-03-31,154503.01,4154262.32,0.5058,9.68
2021-04-01,154990.64,4233204.6,0.5042,9.96
2021-04-05,155868.3,4324228.85,1.4819,26.63
2021-04-06,155679.17,4314821.7,1.9817,46.64
2021-04-07,156167.6,4379782.58,1.9755,46.81
2021-04-08,156689.88,4445294.56,1.9921,47.4
2021-04-09,157232.44,4505972.07,1.9853,47.58
2021-04-12,157595.99,4551834.6,1.9807,47.7
2021-04-13,158293.41,4660300.15,1.972,47.93
2021-04-14,157606.08,4572088.92,1.9806,47.7
2021-04-15,159119.16,4715216.79,1.9617,48.2
2021-04-16,159066.72,4686265.55,1.9624,48.18
2021-04-19,158427.7,4641699.11,1.9703,47.97
2021-04-20,157856.64,4587820.16,1.9774,47.79
2021-04-21,158422.89,4615960.31,1.9703,47.97
2021-04-22,157383.27,4528625.77,1.9834,47.63
2021-04-23,158573.99,4625207.98,1.9685,48.02
2021-04-26,158969.34,4657175.2,1.9636,48.15
2021-04-27,158685.96,4637039.08,1.9671,48.06
2021-04-28,159038.03,4624832.41,1.9627,48.17
2021-04-29,159578.0,4635655.32,1.9561,48.35
2021-04-30,158743.68,4558495.17,1.9664,48.08
2021-05-03,158536.45,4557208.45,1.9689,48.01
2021-05-04,157424.9,4414159.91,1.9828,47.64
2021-05-05,157810.67,4430524.97,0.9865,30.92
2021-05-06,158230.02,4472370.6,0.9839,31.1
2021-05-07,158570.57,4514871.34,0.9817,31.25
2021-05-10,157812.41,4382956.62,0.9865,30.92
2021-05-11,157367.94,4365320.57,0.9893,30.73
2021-05-12,156184.22,4234515.58,0.9967,30.2
2021-05-13,156428.4,4271681.93,0.0,0.0
2021-05-14,156428.4,4388716.13,0.0,0.0
2021-05-17,156428.4,4360845.38,0.0,0.0
2021-05-18,156428.4,4313556.84,0.0,0.0
2021-05-19,156428.4,4317602.44,0.0,0.0
2021-05-20,156428.4,4430498.11,0.0,0.0
2021-05-21,156428.4,4432324.31,0.0,0.0
2021-05-24,156428.4,4541684.93,0.0,0.0
2021-05-25,156428.4,4542223.37,0.0,0.0
2021-05-26,156428.4,4550819.83,0.0,0.0
2021-05-27,156428.4,4497387.31,0.0,0.0
2021-05-28,156428.4,4562035.24,0.0,0.0
2021-06-01,156406.08,4562403.71,0.4996,7.76
2021-06-02,156789.34,4626848.15,0.4984,7.98
2021-06-03,156932.2,4612888.61,0.498,8.07
2021-06-04,157386.14,4728947.05,0.4965,8.33
2021-06-07,157416.54,4735430.59,0.4964,8.35
2021-06-08,157153.02,4733142.06,0.9974,20.95
2021-06-09,157025.9,4731801.12,1.4981,36.42
2021-06-10,157554.1,4728007.79,1.4931,36.63
2021-06-11,157824.77,4790284.4,1.9847,62.85
2021-06-14,158452.01,4870870.25,1.9768,63.0
2021-06-15,157867.81,4827256.35,2.0073,63.6
2021-06-16,157461.33,4834917.27,2.0125,63.51
2021-06-17,158567.32,4956145.25,1.9985,63.76
2021-06-18,157471.93,4921746.03,1.5171,37.9
2021-06-21,157737.72,4941352.21,1.5146,38.01
2021-06-22,158412.73,5021891.9,1.5081,38.27
2021-06-23,158515.86,5033489.6,1.5072,38.31
2021-06-24,158840.57,5046421.74,1.5041,38.44
2021-06-25,158678.14,5023418.83,1.5056,38.37
2021-06-28,159681.67,5152474.24,1.9826,65.29
2021-06-29,159797.95,5183800.39,1.9812,65.31
2021-06-30,159750.47,5191535.77,1.9818,65.3
2021-07-01,160213.19,5220209.21,1.9761,65.4
2021-07-02,161528.26,5309500.3,1.96,65.68
2021-07-06,161892.76,5371811.32,1.9556,65.76
2021-07-07,161925.29,5385438.85,1.9552,65.77
2021-07-08,160818.64,5306837.15,1.9686,65.53
2021-07-09,161640.96,5358711.49,1.9586,65.71
2021-07-12,162478.13,5401682.86,1.9485,65.88
2021-07-13,162205.81,5396334.27,1.9518,65.83
2021-07-14,162192.46,5420838.3,1.9519,65.82
2021-07-15,160997.87,5313501.73,1.9664,65.57
2021-07-16,160452.06,5192373.84,1.4861,56.62
2021-07-19,159177.94,5173654.38,1.498,56.27
2021-07-20,159785.81,5231587.61,1.0061,30.1
2021-07-21,160200.86,5306800.61,1.0035,30.28
2021-07-22,160530.37,5355104.63,1.0014,30.43
2021-07-23,161614.73,5403592.95,0.9947,30.89
2021-07-26,161918.08,5388680.1,1.4914,59.28
2021-07-27,161042.34,5329833.74,1.4995,59.06
2021-07-28,161804.51,5345396.75,1.4924,59.25
2021-07-29,161993.99,5372643.51,1.4907,59.3
2021-07-30,161461.43,5354479.89,1.4956,59.17
2021-08-02,161386.09,5374377.13,1.4963,59.15
2021-08-03,162060.75,5418322.41,1.49,59.32
2021-08-04,161785.79,5455702.93,1.4926,59.25
2021-08-05,162430.58,5500677.24,1.4867,59.41
2021-08-06,162163.12,5454092.53,1.9899,68.29
2021-08-09,162319.04,5450896.3,1.988,68.32
2021-08-10,161964.7,5404402.52,1.9923,68.25
2021-08-11,161781.11,5382663.39,1.9946,68.22
2021-08-12,162339.06,5461747.15,1.9877,68.33
2021-08-13,162806.43,5497158.64,1.982,68.42
2021-08-16,162873.92,5511231.34,1.9812,68.43
2021-08-17,161633.13,5436067.47,1.494,59.73
2021-08-18,160638.5,5318375.49,1.5032,59.48
2021-08-19,160568.45,5403452.05,1.015,43.34
2021-08-20,161236.28,5542821.18,1.0108,43.57
2021-08-23,162577.43,5699684.97,1.4978,50.64
2021-08-24,162765.94,5686803.3,1.993,70.94
2021-08-25,163240.53,5710851.16,1.9872,71.02
2021-08-26,162568.03,5677419.03,1.9954,70.9
2021-08-27,164026.87,5766591.95,1.9776,71.16
2021-08-30,164768.77,5856649.92,1.9687,71.29
2021-08-31,164523.12,5803135.64,1.9717,71.25
2021-09-01,164724.24,5823269.87,1.9693,71.29
2021-09-02,164520.1,5831400.2,1.9717,71.25
2021-09-03,164921.0,5890757.34,1.9669,71.32
2021-09-07,164818.87,5916766.16,1.9681,71.3
2021-09-08,164367.5,5852841.61,1.9735,71.22
2021-09-09,163934.46,5816373.44,1.9787,71.15
2021-09-10,162978.38,5744204.63,1.9904,70.98
2021-09-13,163199.83,5727088.07,1.0114,28.05
2021-09-14,163138.79,5710835.89,1.0118,28.03
2021-09-15,163436.86,5746477.07,0.9876,27.34
2021-09-16,163409.15,5728936.28,0.9877,27.33
2021-09-17,162840.15,5631509.9,0.9912,27.07
2021-09-20,161598.37,5482653.24,0.4983,6.68
2021-09-21,161737.3,5506256.8,0.0,0.0
2021-09-22,161737.3,5627185.03,0.0,0.0
2021-09-23,161737.3,5705878.52,0.0,0.0
2021-09-24,161737.3,5670893.95,0.0,0.0
2021-09-27,161737.3,5594388.48,0.0,0.0
2021-09-28,161737.3,5407891.34,0.0,0.0
2021-09-29,161737.3,5399649.23,0.0,0.0
2021-09-30,161737.3,5392145.23,0.0,0.0
2021-10-01,161737.3,5428417.6,0.0,0.0
2021-10-04,161737.3,5247377.38,0.0,0.0
2021-10-05,161737.3,5367889.65,0.0,0.0
2021-10-06,161737.3,5416521.15,0.0,0.0
2021-10-07,161737.3,5486357.89,0.0,0.0
2021-10-08,161737.3,5455781.96,0.0,0.0
2021-10-11,161737.3,5434981.63,0.0,0.0
2021-10-12,161737.3,5399004.37,0.0,0.0
2021-10-13,161737.3,5421838.43,0.0,0.0
2021-10-14,161737.3,5573055.25,0.0,0.0
2021-10-15,161737.3,5606559.24,0.0,0.0
2021-10-18,161964.59,5681118.31,0.4972,24.57
2021-10-19,162219.72,5730959.27,0.9946,37.26
2021-10-20,162103.0,5715032.77,1.9928,67.87
2021-10-21,162428.06,5780691.93,1.9888,67.93
2021-10-22,161418.92,5751459.39,1.5113,55.81
2021-10-25,161920.96,5797230.4,1.5066,55.95
2021-10-26,162164.78,5975136.28,1.5043,56.02
2021-10-27,161979.87,5967094.33,1.506,55.97
2021-10-28,163059.53,6084209.43,1.9857,66.38
2021-10-29,163139.37,6108678.96,1.9847,66.39
2021-11-01,162681.62,6103142.12,1.9903,66.3
2021-11-02,163345.53,6189082.83,1.9822,66.44
2021-11-03,164251.04,6242302.47,1.9713,66.62
2021-11-04,164976.26,6568426.74,1.9626,66.77
2021-11-05,165259.84,6571868.34,1.9593,66.83
2021-11-08,165167.71,6664576.1,1.9603,66.81
2021-11-09,164863.03,6654073.11,1.964,66.75
2021-11-10,163322.1,6465503.74,1.9825,66.43
2021-11-11,163407.13,6559448.18,1.9815,66.45
2021-11-12,164658.25,6611106.25,1.9664,66.7
2021-11-15,164637.12,6573223.02,1.9667,66.7
2021-11-16,165094.32,6608495.81,1.9612,66.79
2021-11-17,165374.08,6557272.86,1.9579,66.85
2021-11-18,166687.34,6889895.77,1.9425,67.11
2021-11-19,167081.39,7068054.38,1.9379,67.19
2021-11-22,166372.51,6958697.3,1.9462,67.05
2021-11-23,166286.38,6941356.3,1.9472,67.03
2021-11-24,166619.87,7047376.7,1.9433,67.1
2021-11-26,163926.16,6816318.42,1.9752,66.56
2021-11-29,165652.46,7086085.47,0.9865,32.29
2021-11-30,165931.75,7085583.44,0.9848,32.4
2021-12-01,165336.8,6942324.97,0.9884,32.16
2021-12-02,165057.95,7004890.19,0.4989,14.54
2021-12-03,164762.84,6817163.79,0.4997,14.39
2021-12-06,165252.82,6818973.67,0.4878,14.41
2021-12-07,166096.65,7189618.59,0.4854,14.84
2021-12-08,166658.25,7202186.82,0.4837,15.13
2021-12-09,166583.37,7051340.27,0.4839,15.09
2021-12-10,167287.53,7112483.19,0.4819,15.45
2021-12-13,166753.29,6827322.0,0.4834,15.18
2021-12-14,166550.25,6810126.5,0.484,15.07
2021-12-15,167265.93,7129731.95,0.482,15.44
2021-12-16,166252.17,6780530.24,0.4849,14.92
2021-12-17,166090.89,6688271.88,0.4854,14.84
2021-12-20,165890.73,6651912.94,0.486,14.74
2021-12-21,166357.29,6860276.58,0.4846,14.97
2021-12-22,166738.89,6955021.21,0.4835,15.17
2021-12-23,166831.05,6994739.13,0.4832,15.22
2021-12-27,167414.25,7207565.57,0.4815,15.51
2021-12-28,166997.25,7119932.01,1.4721,44.86
2021-12-29,167043.75,7088797.91,1.4717,44.87
2021-12-30,166733.43,7023058.1,1.4744,44.77
2021-12-31,166443.21,6987315.91,1.477,44.67
2022-01-03,167442.9,7141098.44,1.4682,45.01
2022-01-04,166834.95,7010641.36,1.4735,44.8
2022-01-05,165154.78,6720640.62,0.988,32.27
2022-01-06,164707.9,6727071.48,0.9907,32.08
2022-01-07,164687.73,6630027.63,0.5013,16.98
2022-01-10,164442.7,6652499.39,0.0,0.0
2022-01-11,164442.7,6753885.25,0.0,0.0
2022-01-12,164442.7,6788039.36,0.0,0.0
2022-01-13,164442.7,6566801.4,0.0,0.0
2022-01-14,164442.7,6624471.92,0.0,0.0
2022-01-18,164442.7,6440966.17,0.0,0.0
2022-01-19,164442.7,6286376.95,0.0,0.0
2022-01-20,164442.7,6152232.43,0.0,0.0
2022-01-21,164442.7,6017897.51,0.0,0.0
2022-01-24,164442.7,6006622.05,0.0,0.0
2022-01-25,164442.7,5847100.75,0.0,0.0
2022-01-26,164442.7,5899711.55,0.0,0.0
2022-01-27,164442.7,5804107.9,0.0,0.0
2022-01-28,164442.7,6116242.53,0.0,0.0
2022-01-31,164442.7,6377240.29,0.0,0.0
2022-02-01,164442.7,6400686.37,0.0,0.0
2022-02-02,164442.7,6526993.25,0.0,0.0
2022-02-03,164113.94,6314551.32,0.4969,10.11
2022-02-04,164137.49,6346694.87,0.4968,10.13
2022-02-07,163662.82,6357574.53,0.4982,9.87
2022-02-08,163586.25,6455761.24,0.0,0.0
2022-02-09,163586.25,6657561.85,0.0,0.0
2022-02-10,163586.25,6476989.4,0.0,0.0
2022-02-11,163586.25,6200235.77,0.0,0.0
2022-02-14,163586.25,6241730.39,0.0,0.0
2022-02-15,163586.25,6547510.87,0.0,0.0
2022-02-16,163586.25,6549383.02,0.0,0.0
2022-02-17,163586.25,6253022.61,0.0,0.0
2022-02-18,163586.25,6126134.94,0.0,0.0
2022-02-22,163586.25,6042915.5,0.0,0.0
2022-02-23,163586.25,5851193.77,0.0,0.0
2022-02-24,163586.25,6063746.77,0.0,0.0
2022-02-25,163586.25,6153931.51,0.0,0.0
2022-02-28,163586.25,6184606.51,0.0,0.0
2022-03-01,163586.25,6050493.16,0.0,0.0
2022-03-02,163586.25,6191803.26,0.0,0.0
2022-03-03,163586.25,6128939.1,0.0,0.0
2022-03-04,163586.25,5984645.16,0.0,0.0
2022-03-07,163586.25,5724727.68,0.0,0.0
2022-03-08,163586.25,5709870.22,0.0,0.0
2022-03-09,163586.25,5992696.92,0.0,0.0
2022-03-10,163586.25,5871958.89,0.0,0.0
2022-03-11,163586.25,5733628.8,0.0,0.0
2022-03-14,163586.25,5563407.65,0.0,0.0
2022-03-15,163586.25,5829115.84,0.0,0.0
2022-03-16,163586.25,6087590.72,0.0,0.0
2022-03-17,163586.25,6138492.95,0.0,0.0
2022-03-18,163586.25,6382815.11,0.0,0.0
2022-03-21,163637.55,6435360.46,0.4981,4.48
2022-03-22,163580.01,6494059.61,0.4983,4.44
2022-03-23,163336.15,6418233.68,0.499,4.3
2022-03-24,164237.54,6760691.21,0.9904,12.86
2022-03-25,164162.1,6726189.97,0.9909,12.82
2022-03-28,164374.26,6797894.54,0.9896,12.93
2022-03-29,164752.71,6910089.61,0.9873,13.13
2022-03-30,164396.4,6785925.24,0.9895,12.94
2022-03-31,164042.38,6674088.44,0.9916,12.75
2022-04-01,163862.01,6614490.38,0.9927,12.66
2022-04-04,164357.57,6769069.7,0.9897,12.92
2022-04-05,163705.76,6549314.27,0.9936,12.57
2022-04-06,163039.48,6316381.49,0.9977,12.22
2022-04-07,162817.63,6299812.16,0.4984,8.14
2022-04-08,162659.78,6139734.43,0.4989,8.05
2022-04-11,162325.6,5917537.8,0.5,7.86
2022-04-12,162480.99,5903929.76,0.0,0.0
2022-04-13,162480.99,6036483.54,0.0,0.0
2022-04-14,162480.99,5832470.08,0.0,0.0
2022-04-18,162480.99,5885905.61,0.0,0.0
2022-04-19,162480.99,5983581.25,0.0,0.0
2022-04-20,162480.99,5897322.82,0.0,0.0
2022-04-21,162480.99,5733378.13,0.0,0.0
2022-04-22,162480.99,5556606.85,0.0,0.0
2022-04-25,162480.99,5631369.1,0.0,0.0
2022-04-26,162480.99,5384587.39,0.0,0.0
2022-04-27,162480.99,5325383.23,0.0,0.0
2022-04-28,162480.99,5613748.43,0.0,0.0
2022-04-29,162480.99,5354547.36,0.0,0.0
2022-05-02,162480.99,5473202.07,0.0,0.0
2022-05-03,162480.99,5510571.9,0.0,0.0
2022-05-04,162480.99,5727801.16,0.0,0.0
2022-05-05,162480.99,5378824.46,0.0,0.0
2022-05-06,162480.99,5365346.6,0.0,0.0
2022-05-09,162480.99,5076327.16,0.0,0.0
2022-05-10,162480.99,5194740.38,0.0,0.0
2022-05-11,162480.99,4946079.21,0.0,0.0
2022-05-12,162480.99,4826637.31,0.0,0.0
2022-05-13,162480.99,5082647.16,0.0,0.0
2022-05-16,162480.99,5001503.65,0.0,0.0
2022-05-17,162480.99,5173184.16,0.0,0.0
2022-05-18,162480.99,4869696.34,0.0,0.0
2022-05-19,162480.99,4820057.66,0.0,0.0
2022-05-20,162480.99,4774291.97,0.0,0.0
2022-05-23,162480.99,4906553.31,0.0,0.0
2022-05-24,162480.99,4756744.74,0.0,0.0
2022-05-25,162480.99,4845102.14,0.0,0.0
2022-05-26,162480.99,5005194.25,0.0,0.0
2022-05-27,162480.99,5231041.91,0.0,0.0
2022-05-31,162480.99,5207633.68,0.0,0.0
2022-06-01,162480.99,5168309.06,0.0,0.0
2022-06-02,162480.99,5362263.01,0.0,0.0
2022-06-03,162480.99,5152910.7,0.0,0.0
2022-06-06,162480.99,5182788.73,0.0,0.0
2022-06-07,162480.99,5245813.42,0.0,0.0
2022-06-08,162480.99,5202540.94,0.0,0.0
2022-06-09,162480.99,5032231.03,0.0,0.0
2022-06-10,162480.99,4803644.5,0.0,0.0
2022-06-13,162480.99,4547612.54,0.0,0.0
2022-06-14,162480.99,4583760.51,0.0,0.0
2022-06-15,162480.99,4717736.07,0.0,0.0
2022-06-16,162480.99,4505884.11,0.0,0.0
2022-06-17,162480.99,4566741.36,0.0,0.0
2022-06-21,162480.99,4734950.2,0.0,0.0
2022-06-22,162480.99,4704238.09,0.0,0.0
2022-06-23,162480.99,4747872.04,0.0,0.0
2022-06-24,162480.99,4929110.17,0.0,0.0
2022-06-27,162480.99,4893168.03,0.0,0.0
2022-06-28,162480.99,4707294.02,0.0,0.0
2022-06-29,162480.99,4693060.2,0.0,0.0
2022-06-30,162480.99,4596567.68,0.0,0.0
2022-07-01,162480.99,4571654.51,0.0,0.0
2022-07-05,162480.99,4683488.78,0.0,0.0
2022-07-06,162480.99,4730758.42,0.0,0.0
2022-07-07,162480.99,4886239.16,0.0,0.0
2022-07-08,162480.99,4898797.21,0.0,0.0
2022-07-11,162480.99,4772144.43,0.0,0.0
2022-07-12,162480.99,4774027.23,0.0,0.0
2022-07-13,162480.99,4764679.63,0.0,0.0
2022-07-14,162480.99,4835061.2,0.0,0.0
2022-07-15,162480.99,4914231.82,0.0,0.0
2022-07-18,162480.99,4881265.67,0.0,0.0
2022-07-19,162480.99,5066566.69,0.0,0.0
2022-07-20,162480.99,5188783.98,0.0,0.0
2022-07-21,162480.99,5259001.09,0.0,0.0
2022-07-22,162480.99,5133567.2,0.0,0.0
2022-07-25,162480.99,5081039.28,0.0,0.0
2022-07-26,162480.99,4993592.51,0.0,0.0
2022-07-27,162480.99,5253059.58,0.0,0.0
2022-07-28,162480.99,5289643.75,0.0,0.0
2022-07-29,162480.99,5411299.79,0.0,0.0
2022-08-01,162480.99,5415843.45,0.0,0.0
2022-08-02,162480.99,5398088.28,0.0,0.0
2022-08-03,162480.99,5560770.79,0.0,0.0
2022-08-04,162480.99,5589033.12,0.0,0.0
2022-08-05,162480.99,5553593.63,0.0,0.0
2022-08-08,162480.99,5422092.2,0.0,0.0
2022-08-09,162480.99,5346265.73,0.0,0.0
2022-08-10,162480.99,5543635.78,0.0,0.0
2022-08-11,162480.99,5510260.07,0.0,0.0
2022-08-12,162480.99,5667783.87,0.0,0.0
2022-08-15,162480.99,5723169.63,0.0,0.0
2022-08-16,162480.99,5703012.17,0.0,0.0
2022-08-17,162480.99,5663639.04,0.0,0.0
2022-08-18,162480.99,5704191.21,0.0,0.0
2022-08-19,162480.99,5547727.7,0.0,0.0
2022-08-22,162480.99,5377401.02,0.0,0.0
2022-08-23,162480.99,5384549.78,0.0,0.0
2022-08-24,162480.99,5394041.77,0.0,0.0
2022-08-25,162480.99,5524074.51,0.0,0.0
2022-08-26,162480.99,5208505.22,0.0,0.0
2022-08-29,162480.99,5116541.15,0.0,0.0
2022-08-30,162480.99,5034594.47,0.0,0.0
2022-08-31,162480.99,4962392.97,0.0,0.0
2022-09-01,162480.99,4863992.25,0.0,0.0
2022-09-02,162480.99,4786140.32,0.0,0.0
2022-09-06,162480.99,4739545.11,0.0,0.0
2022-09-07,162480.99,4804767.41,0.0,0.0
2022-09-08,162480.99,4803313.05,0.0,0.0
2022-09-09,162480.99,4908526.6,0.0,0.0
2022-09-12,162480.99,5031178.93,0.0,0.0
2022-09-13,162480.99,4684240.79,0.0,0.0
2022-09-14,162480.99,4714059.19,0.0,0.0
2022-09-15,162480.99,4630296.52,0.0,0.0
2022-09-16,162480.99,4626029.8,0.0,0.0
2022-09-19,162480.99,4714087.08,0.0,0.0
2022-09-20,162480.99,4726419.84,0.0,0.0
2022-09-21,162480.99,4667732.3,0.0,0.0
2022-09-22,162480.99,4580239.71,0.0,0.0
2022-09-23,162480.99,4525909.98,0.0,0.0
2022-09-26,162480.99,4499184.29,0.0,0.0
2022-09-27,162480.99,4532792.6,0.0,0.0
2022-09-28,162480.99,4545697.86,0.0,0.0
2022-09-29,162480.99,4347192.08,0.0,0.0
2022-09-30,162480.99,4252962.39,0.0,0.0
2022-10-03,162480.99,4382666.82,0.0,0.0
2022-10-04,162480.99,4531995.94,0.0,0.0
2022-10-05,162480.99,4540529.22,0.0,0.0
2022-10-06,162480.99,4513512.92,0.0,0.0
2022-10-07,162480.99,4293806.54,0.0,0.0
2022-10-10,162480.99,4253267.73,0.0,0.0
2022-10-11,162480.99,4214322.24,0.0,0.0
2022-10-12,162480.99,4195499.82,0.0,0.0
2022-10-13,162480.99,4335204.44,0.0,0.0
2022-10-14,162480.99,4163684.74,0.0,0.0
2022-10-17,162480.99,4321609.68,0.0,0.0
2022-10-18,162480.99,4358312.51,0.0,0.0
2022-10-19,162480.99,4363375.64,0.0,0.0
2022-10-20,162480.99,4369741.16,0.0,0.0
2022-10-21,162480.99,4475331.98,0.0,0.0
2022-10-24,162480.99,4535222.53,0.0,0.0
2022-10-25,162480.99,4665393.71,0.0,0.0
2022-10-26,162480.99,4534018.3,0.0,0.0
2022-10-27,162480.99,4468413.17,0.0,0.0
2022-10-28,162480.99,4750759.91,0.0,0.0
2022-10-31,162480.99,4664847.72,0.0,0.0
2022-11-01,162480.99,4604279.61,0.0,0.0
2022-11-02,162480.99,4451671.27,0.0,0.0
2022-11-03,162480.99,4346172.53,0.0,0.0
2022-11-04,162480.99,4427562.02,0.0,0.0
2022-11-07,162480.99,4461478.36,0.0,0.0
2022-11-08,162480.99,4505323.08,0.0,0.0
2022-11-09,162480.99,4328630.76,0.0,0.0
2022-11-10,162480.99,4781258.48,0.0,0.0
2022-11-11,162480.99,4903078.0,0.0,0.0
2022-11-14,162480.99,4870053.52,0.0,0.0
2022-11-15,162480.99,4952322.73,0.0,0.0
2022-11-16,162480.99,4852366.76,0.0,0.0
2022-11-17,162480.99,4860353.78,0.0,0.0
2022-11-18,162480.99,4839799.28,0.0,0.0
2022-11-21,162480.99,4763453.66,0.0,0.0
2022-11-22,162480.99,4883894.06,0.0,0.0
2022-11-23,162480.99,4956031.82,0.0,0.0
2022-11-25,162480.99,4873387.68,0.0,0.0
2022-11-28,162480.99,4750701.89,0.0,0.0
2022-11-29,162480.99,4673006.06,0.0,0.0
2022-11-30,162480.99,4956502.52,0.0,0.0
2022-12-01,162480.99,4983167.47,0.0,0.0
2022-12-02,162480.99,4945118.96,0.0,0.0
2022-12-05,162480.99,4889675.88,0.0,0.0
2022-12-06,162480.99,4746604.11,0.0,0.0
2022-12-07,162480.99,4716542.77,0.0,0.0
2022-12-08,162480.99,4850915.42,0.0,0.0
2022-12-09,162480.99,4820267.03,0.0,0.0
2022-12-12,162480.99,4920478.11,0.0,0.0
2022-12-13,162480.99,5003680.26,0.0,0.0
2022-12-14,162480.99,4919459.08,0.0,0.0
2022-12-15,162480.99,4704137.3,0.0,0.0
2022-12-16,162480.99,4625383.25,0.0,0.0
2022-12-19,162480.99,4545254.29,0.0,0.0
2022-12-20,162480.99,4529081.41,0.0,0.0
2022-12-21,162480.99,4632299.27,0.0,0.0
2022-12-22,162480.99,4445568.56,0.0,0.0
2022-12-23,162480.99,4431947.64,0.0,0.0
2022-12-27,162480.99,4279711.47,0.0,0.0
2022-12-28,162480.99,4192500.43,0.0,0.0
2022-12-29,162480.99,4327303.9,0.0,0.0
2022-12-30,162480.99,4332969.96,0.0,0.0
2023-01-03,162480.99,4218863.21,0.0,0.0
2023-01-04,162480.99,4282890.96,0.0,0.0
2023-01-05,162480.99,4199669.24,0.0,0.0
2023-01-06,162480.99,4351126.86,0.0,0.0
2023-01-09,162480.99,4442301.01,0.0,0.0
2023-01-10,162480.99,4484354.15,0.0,0.0
2023-01-11,162480.99,4557993.05,0.0,0.0
2023-01-12,162480.99,4607947.03,0.0,0.0
2023-01-13,162480.99,4676459.39,0.0,0.0
2023-01-17,162480.99,4775966.3,0.0,0.0
2023-01-18,162480.99,4726401.85,0.0,0.0
2023-01-19,162480.99,4670926.45,0.0,0.0
2023-01-20,162480.99,4850860.71,0.0,0.0
2023-01-23,162480.99,5056956.38,0.0,0.0
2023-01-24,162480.99,5080802.99,0.0,0.0
2023-01-25,162724.84,5064773.18,0.4992,7.59
2023-01-26,163030.92,5163328.64,0.4982,7.76
2023-01-27,163390.68,5264419.79,0.4971,7.96
2023-01-30,162621.97,5076667.46,0.4995,7.53
2023-01-31,162861.59,5148336.16,0.4988,7.67
2023-02-01,163760.02,5321791.07,0.496,8.17
2023-02-02,164249.5,5530421.47,0.4945,8.45
2023-02-03,163874.87,5518347.53,0.9925,33.89
2023-02-06,163610.8,5459066.73,0.9941,33.79
2023-02-07,164850.2,5643834.41,0.9866,34.28
2023-02-08,164407.57,5562630.74,0.9893,34.11
2023-02-09,164128.8,5538341.15,0.991,34.0
2023-02-10,163540.69,5429129.84,0.9945,33.76
2023-02-13,164363.46,5536003.61,0.9896,34.09
2023-02-14,165100.02,5646291.66,0.9851,34.38
2023-02-15,165104.43,5673239.0,0.9851,34.39
2023-02-16,164036.11,5557491.66,0.9915,33.96
2023-02-17,163539.73,5468643.69,0.9945,33.76
2023-02-21,162581.29,5306952.61,0.4996,8.12
2023-02-22,162594.68,5324106.39,0.0,0.0
2023-02-23,162594.68,5627617.95,0.0,0.0
2023-02-24,162606.21,5531374.84,0.4991,6.32
2023-02-27,162701.02,5578870.39,0.4988,6.37
2023-02-28,162575.34,5541150.02,0.4992,6.3
2023-03-01,162346.9,5451000.2,0.4999,6.17
2023-03-02,162618.56,5532511.67,0.4991,6.32
2023-03-03,162872.57,5692382.04,0.4983,6.47
2023-03-06,162724.4,5713787.14,0.4987,6.38
2023-03-07,162607.09,5639349.47,0.4991,6.32
2023-03-08,163000.9,5755109.18,0.4979,6.54
2023-03-09,162672.36,5627489.3,0.4989,6.35
2023-03-10,162464.65,5532881.77,0.4995,6.23
2023-03-13,162465.09,5570729.81,0.4995,6.23
2023-03-14,162948.87,5735616.93,0.4981,6.51
2023-03-15,163021.63,5768309.28,0.4978,6.55
2023-03-16,163600.67,5974283.0,0.4961,6.88
2023-03-17,163681.81,5981342.49,0.4958,6.93
2023-03-20,163758.98,6040980.43,0.4956,6.97
2023-03-21,163890.84,6122341.83,0.4952,7.05
2023-03-22,163704.85,6114683.27,0.9954,19.47
2023-03-23,164263.27,6218542.93,0.992,19.75
2023-03-24,164156.82,6200343.64,0.9927,19.69
2023-03-27,163906.87,6127535.88,0.9942,19.57
2023-03-28,163745.27,6097455.33,0.9952,19.49
2023-03-29,164368.0,6216301.05,0.9914,19.8
2023-03-30,164739.32,6284966.96,0.9891,19.98
2023-03-31,165529.96,6384818.49,1.4817,32.35
2023-04-03,165817.41,6428775.94,1.9714,49.26
2023-04-04,165299.42,6367601.43,1.9775,49.1
2023-04-05,164538.37,6273532.0,1.9867,48.86
2023-04-06,164965.66,6322252.69,1.9815,49.0
2023-04-10,164900.5,6323049.08,1.9823,48.98
2023-04-11,164442.47,6254240.38,1.9878,48.83
2023-04-12,163762.14,6168763.01,1.9961,48.62
2023-04-13,165187.29,6277132.25,1.9789,49.07
2023-04-14,165166.4,6306169.76,1.9791,49.06
2023-04-17,165394.91,6320307.52,1.9764,49.13
2023-04-18,165859.13,6404194.83,1.9709,49.27
2023-04-19,166102.42,6450243.63,1.968,49.35
2023-04-20,165304.09,6351498.22,1.9775,49.1
2023-04-21,165155.38,6324873.47,1.9793,49.06
2023-04-24,165144.93,6324467.33,1.9794,49.05
2023-04-25,163762.6,6202869.39,1.9961,48.62
2023-04-26,164275.43,6275579.8,0.9951,19.4
2023-04-27,164961.8,6406277.96,0.9909,19.73
2023-04-28,165347.38,6482702.25,0.9886,19.92
2023-05-01,165764.28,6598468.39,1.9783,58.81
2023-05-02,164675.81,6499029.1,1.9913,58.54
2023-05-03,163936.36,6437041.36,2.0003,58.35
2023-05-04,163339.76,6379351.75,1.5047,36.08
2023-05-05,165346.44,6638939.52,1.4865,36.86
2023-05-08,165612.81,6694736.46,1.4841,36.96
2023-05-09,164973.77,6602094.09,1.4898,36.72
2023-05-10,165624.62,6685168.47,1.484,36.97
2023-05-11,165601.45,6676704.11,1.4842,36.96
2023-05-12,165339.4,6634622.62,1.9839,46.04
2023-05-15,165566.57,6685350.86,1.9811,46.12
2023-05-16,166102.31,6723370.21,1.9748,46.29
2023-05-17,167109.05,6840637.27,1.9629,46.62
2023-05-18,168833.77,7046697.01,1.9428,47.16
2023-05-19,168572.06,7005744.06,2.0002,49.33
2023-05-22,168810.28,6989427.73,1.9973,49.4
2023-05-23,167547.47,6880274.66,2.0124,49.02
2023-05-24,167115.49,6862053.23,1.9628,46.68
2023-05-25,171551.0,7654709.34,1.912,48.06
2023-05-26,173150.7,7805951.49,1.8944,48.54
2023-05-30,173903.13,7954739.5,1.8862,48.76
2023-05-31,172621.71,7717549.86,1.9002,48.38
2023-06-01,174270.15,7970902.4,1.8822,48.87
2023-06-02,174524.96,7947128.37,1.8794,48.94
2023-06-05,174447.78,7912280.15,1.9957,53.84
2023-06-06,174357.2,7858361.09,1.9967,53.81
2023-06-07,172507.1,7691505.2,2.0181,53.32
2023-06-08,173667.55,7846715.55,2.0046,53.63
2023-06-09,173970.3,7881246.83,2.0011,53.71
2023-06-12,175394.0,8013035.44,1.9849,54.09
2023-06-13,176329.17,8163911.5,1.9744,54.33
2023-06-14,177489.58,8377047.5,1.9615,54.63
2023-06-15,178248.44,8387196.09,1.9531,54.82
2023-06-16,177671.34,8364024.59,1.9595,54.67
2023-06-20,177986.45,8476608.83,1.956,54.76
2023-06-21,176725.57,8367411.23,1.9699,54.43
2023-06-22,177382.82,8431846.37,1.4991,45.82
2023-06-23,176613.0,8337549.67,1.5056,45.58
2023-06-26,175301.88,8133563.87,1.5169,45.18
2023-06-27,176802.07,8313413.07,1.504,45.64
2023-06-28,176676.57,8264909.77,1.5051,45.6
2023-06-29,176561.03,8236559.13,1.506,45.57
2023-06-30,178322.71,8470770.72,1.4912,46.11
2023-07-03,178270.73,8456660.93,1.4916,46.09
2023-07-05,178076.49,8434072.31,1.4932,46.03
2023-07-06,177734.39,8412314.65,1.4961,45.93
2023-07-07,177648.25,8429743.89,1.4968,45.9
2023-07-10,177285.55,8348536.81,1.4999,45.79
2023-07-11,177528.16,8366160.76,1.4978,45.86
2023-07-12,178856.32,8558437.64,1.4867,46.27
2023-07-13,180467.85,8809171.06,1.4734,46.75
2023-07-14,180249.8,8763503.3,1.4752,46.68
2023-07-17,181418.43,8921883.75,1.4657,47.03
2023-07-18,182172.18,9021055.44,1.4597,47.24
2023-07-19,182168.07,8996158.51,1.4597,47.24
2023-07-20,180433.93,8786662.72,1.4737,46.74
2023-07-21,179659.78,8645007.59,1.4801,46.51
2023-07-24,179983.03,8696774.33,1.4774,46.6
2023-07-25,180798.71,8824948.91,1.4707,46.84
2023-07-26,180701.52,8844625.59,1.4715,46.81
2023-07-27,180427.43,8867127.2,1.9709,54.29
2023-07-28,182116.26,9016575.77,1.9526,54.72
2023-07-31,182231.4,9026207.86,1.9514,54.74
2023-08-01,181808.38,8983466.37,1.9559,54.64
2023-08-02,179289.48,8684253.59,1.9834,54.0
2023-08-03,179127.59,8684097.42,1.8729,48.97
2023-08-04,178294.75,8535875.37,1.42,36.05
2023-08-07,179240.05,8571048.56,1.4125,36.39
2023-08-08,178626.5,8508765.35,1.4173,36.17
2023-08-09,177171.47,8256086.27,1.429,35.65
2023-08-10,177183.27,8235786.52,0.5063,7.61
2023-08-11,177169.75,8074824.76,0.5063,7.61
2023-08-14,177353.83,8408807.91,0.5058,7.7
2023-08-15,177192.63,8383302.56,0.5062,7.62
2023-08-16,177080.31,8314758.62,0.5066,7.56
2023-08-17,177207.19,8257074.15,0.5062,7.62
2023-08-18,176951.35,8251273.42,0.5069,7.49
2023-08-21,176902.39,8655477.93,0.0,0.0
2023-08-22,176902.39,8550200.2,0.0,0.0
2023-08-23,176902.39,8783101.78,0.0,0.0
2023-08-24,176902.39,8688777.89,0.0,0.0
2023-08-25,176902.39,8614025.54,0.0,0.0
2023-08-28,176902.39,8731446.97,0.0,0.0
2023-08-29,176902.39,9018520.29,0.0,0.0
2023-08-30,177018.21,9136373.72,0.496,9.9
2023-08-31,177055.61,9151134.73,0.4958,9.92
2023-09-01,176989.83,9091091.56,0.496,9.89
2023-09-05,177196.25,9099660.65,0.9932,27.98
2023-09-06,175874.82,8820801.34,0.4992,9.86
2023-09-07,175978.02,8644234.74,0.4989,9.92
2023-09-08,176122.5,8591904.9,0.4985,9.99
2023-09-11,176192.16,8577524.07,0.4983,10.02
2023-09-12,175988.34,8483269.84,0.4989,9.92
2023-09-13,176165.07,8515087.01,0.4984,10.01
2023-09-14,176344.38,8559603.01,0.4978,10.1
2023-09-15,176254.08,8368397.56,0.4981,10.06
2023-09-18,176358.57,8430656.94,0.4978,10.11
2023-09-19,176336.64,8403505.43,0.4979,10.1
2023-09-20,175781.94,8189442.32,0.4994,9.81
2023-09-21,175356.24,8019861.12,0.5007,9.6
2023-09-22,175372.22,8094551.39,0.0,0.0
2023-09-25,175372.22,8184222.09,0.0,0.0
2023-09-26,175372.22,8065855.36,0.0,0.0
2023-09-27,175372.22,8103687.13,0.0,0.0
2023-09-28,175372.22,8180387.49,0.0,0.0
2023-09-29,175372.22,8225561.92,0.0,0.0
2023-10-02,175372.22,8415631.36,0.0,0.0
2023-10-03,175372.22,8251966.54,0.0,0.0
2023-10-04,175372.22,8341632.26,0.0,0.0
2023-10-05,175372.22,8428371.46,0.0,0.0
2023-10-06,175372.22,8597117.88,0.0,0.0
2023-10-09,175372.22,8578601.83,0.0,0.0
2023-10-10,175372.22,8621401.79,0.0,0.0
2023-10-11,175372.22,8760393.63,0.0,0.0
2023-10-12,175139.3,8783320.23,1.496,31.89
2023-10-13,174230.89,8590300.63,1.5038,31.54
2023-10-16,174645.45,8662235.59,1.5002,31.7
2023-10-17,173855.53,8416738.51,1.0038,23.59
2023-10-18,173454.18,8205903.12,1.0061,23.41
2023-10-19,173378.33,8186331.85,1.0065,23.38
2023-10-20,172768.65,8055936.85,0.5039,10.6
2023-10-23,172616.04,8223657.26,0.0,0.0
2023-10-24,172616.04,8312855.36,0.0,0.0
2023-10-25,172616.04,8022186.98,0.0,0.0
2023-10-26,172616.04,7782455.13,0.0,0.0
2023-10-27,172616.04,7823792.02,0.0,0.0
2023-10-30,172616.04,7939514.95,0.0,0.0
2023-10-31,172616.04,7909012.01,0.0,0.0
2023-11-01,172616.04,8136061.17,0.0,0.0
2023-11-02,172616.04,8328699.47,0.0,0.0
2023-11-03,172616.04,8474151.62,0.0,0.0
2023-11-06,172616.04,8601196.41,0.0,0.0
2023-11-07,172616.04,8672605.57,0.0,0.0
2023-11-08,172616.04,8758147.71,0.0,0.0
2023-11-09,172510.5,8779595.05,0.4974,13.53
2023-11-10,173021.22,9005773.11,0.4959,13.79
2023-11-13,172895.37,9003828.2,1.9895,63.3
2023-11-14,174991.75,9167554.99,1.9657,63.74
2023-11-15,174960.0,9103721.39,1.9661,63.73
2023-11-16,175422.05,9203425.57,1.9609,63.83
2023-11-17,175426.96,9178299.19,1.9608,63.83
2023-11-20,176679.7,9329186.15,1.9469,64.08
2023-11-21,176162.31,9269048.63,1.9526,63.98
2023-11-22,176197.4,9163006.52,1.9523,63.98
2023-11-24,175715.72,9036290.79,2.0041,65.14
2023-11-27,175715.63,9079122.91,2.0041,65.14
2023-11-28,175815.7,9050773.52,2.003,65.16
2023-11-29,175676.71,9056055.89,2.0046,65.14
2023-11-30,175410.35,8916982.3,1.961,63.87
2023-12-01,175827.08,8937671.07,1.466,56.53
2023-12-04,175068.39,8765460.21,1.4724,56.35
2023-12-05,175653.37,8950807.28,1.4674,56.49
2023-12-06,175154.73,8817883.37,1.4716,56.37
2023-12-07,176177.4,8994182.28,1.4631,56.62
2023-12-08,176688.89,9105845.85,1.4588,56.75
2023-12-11,176812.68,8966899.47,1.4578,56.78
2023-12-12,177468.29,9097719.94,1.4524,56.94
2023-12-13,178897.64,9202928.83,1.4408,57.28
2023-12-14,179024.5,9229839.55,1.4398,57.31
2023-12-15,178877.25,9278389.48,1.441,57.27
2023-12-18,179050.35,9383409.96,1.4396,57.32
2023-12-19,179622.72,9358730.16,1.435,57.45
2023-12-20,178237.06,9171922.19,1.4462,57.12
2023-12-21,179020.55,9270046.8,1.4398,57.31
2023-12-22,179020.61,9239335.44,1.4398,57.31
2023-12-26,179344.71,9277018.51,1.4372,57.39
2023-12-27,179488.47,9288756.73,1.4361,57.42
2023-12-28,179542.89,9306429.95,1.4357,57.43
2023-12-29,179131.61,9284589.11,1.439,57.34
2024-01-02,177418.58,9014906.01,1.4528,56.92
2024-01-03,176573.13,8929499.56,0.4871,24.16
2024-01-04,176435.71,8920490.74,0.4875,24.1
2024-01-05,176391.03,9017171.91,0.0,0.0
2024-01-08,176391.03,9433426.91,0.0,0.0
2024-01-09,176590.46,9524878.69,0.4993,9.09
2024-01-10,176955.88,9673696.58,0.4982,9.28
2024-01-11,177098.43,9710726.38,0.4978,9.35
2024-01-12,177064.6,9707575.18,0.4979,9.33
2024-01-16,177569.55,9836286.98,0.4965,9.59
2024-01-17,177470.19,9780359.45,0.4968,9.54
2024-01-18,177788.5,10004479.16,0.4959,9.7
2024-01-19,178887.39,10315543.68,0.9846,26.76
2024-01-22,178683.98,10372276.73,1.9776,60.84
2024-01-23,179137.71,10422655.26,1.9726,60.94
2024-01-24,180027.84,10569996.56,1.9628,61.13
2024-01-25,180800.99,10603311.22,1.9544,61.3
2024-01-26,180435.75,10512571.17,1.9584,61.22
2024-01-29,181683.36,10654358.43,1.9449,61.49
2024-01-30,181259.51,10610920.74,1.9495,61.4
2024-01-31,178109.95,10369248.21,1.4854,49.83
2024-02-01,179442.44,10573168.91,1.4743,50.2
2024-02-02,181327.44,10883452.74,1.459,50.72
2024-02-05,182094.42,11243228.82,1.4529,50.93
2024-02-06,181818.56,11160479.82,1.4551,50.85
2024-02-07,183043.59,11361957.91,1.4453,51.18
2024-02-08,182980.56,11297953.64,1.4458,51.16
2024-02-09,184277.52,11575790.09,1.4357,51.51
2024-02-12,184172.36,11550712.77,1.4365,51.48
2024-02-13,183074.43,11487151.65,1.4451,51.19
2024-02-14,184318.31,11658023.61,1.4353,51.52
2024-02-15,184323.77,11515206.25,1.4353,51.52
2024-02-16,183820.44,11471915.58,1.4392,51.39
2024-02-20,182404.07,11137176.28,1.4504,51.01
2024-02-21,181722.5,10953945.49,1.4558,50.83
2024-02-22,186813.45,12130624.46,1.4162,52.17
2024-02-23,186835.52,12125175.85,1.416,52.17
2024-02-26,186746.0,12103480.07,1.4167,52.15
2024-02-27,186781.42,12095549.27,1.4164,52.16
2024-02-28,186246.24,11957340.75,1.4205,52.02
2024-02-29,187101.55,12103356.67,1.414,52.24
2024-03-01,188927.97,12405344.31,1.4003,52.7
2024-03-04,189662.2,12609879.05,1.3949,52.88
2024-03-05,188885.8,12588178.23,1.4006,52.69
2024-03-06,190122.49,12845762.73,1.3915,53.0
2024-03-07,192219.03,13263571.21,1.3763,53.51
2024-03-08,189950.36,12771220.31,1.3928,52.96
2024-03-11,189267.96,12636454.74,1.3978,52.79
2024-03-12,192029.11,13277144.89,1.3777,53.46
2024-03-13,191409.41,13138881.59,1.3822,53.31
2024-03-14,190355.83,12884648.21,1.3898,53.06
2024-03-15,189522.82,12855968.66,1.3959,52.85
2024-03-18,190216.73,12966268.89,1.3908,53.02
2024-03-19,190658.74,13102474.99,1.8842,62.31
2024-03-20,191924.54,13257610.88,1.8718,62.56
2024-03-21,192404.63,13233475.43,1.8671,62.66
2024-03-22,193593.65,13552654.6,1.8556,62.88
2024-03-25,193490.4,13596099.28,1.8566,62.86
2024-03-26,192641.13,13328954.26,1.8648,62.7
2024-03-27,192440.26,13159722.74,1.8668,62.66
2024-03-28,192412.73,13137932.3,1.867,62.66
2024-04-01,192943.23,13131287.64,1.8619,62.76
2024-04-02,192006.85,13011343.91,1.871,62.58
2024-04-03,192020.12,12978023.36,1.8708,62.58
2024-04-04,189565.76,12630202.52,1.8951,62.1
2024-04-05,190156.8,12868953.33,0.4979,9.46
2024-04-08,190434.11,12769277.01,0.4972,9.6
2024-04-09,190640.61,12617621.71,0.4966,9.69
2024-04-10,190586.32,12751044.93,0.4968,9.67
2024-04-11,190972.19,13260672.47,0.4958,9.85
2024-04-12,190773.94,13028658.61,0.4963,9.76
2024-04-15,190435.28,12721929.42,0.4972,9.6
2024-04-16,190381.0,12805327.09,0.4973,9.57
2024-04-17,190507.26,12437945.88,0.497,9.63
2024-04-18,190570.98,12486416.86,0.4968,9.66
2024-04-19,190344.42,11575398.12,0.4974,9.55
2024-04-22,190602.84,11939476.71,0.4967,9.68
2024-04-23,190836.48,12265865.64,0.4961,9.79
2024-04-24,190939.15,12028010.77,0.4959,9.83
2024-04-25,190569.8,12330467.48,0.4968,9.66
2024-04-26,192451.9,12906409.28,0.492,10.54
2024-04-29,191767.5,12961291.6,0.4937,10.22
2024-04-30,191369.84,12748519.08,0.4948,10.04
2024-05-01,191497.28,12390637.96,0.4944,10.1
2024-05-02,191822.96,12753573.34,0.4936,10.25
2024-05-03,191896.13,13247053.4,0.4934,10.28
2024-05-06,191997.61,13565252.69,0.4931,10.33
2024-05-07,192274.01,13428587.44,0.9905,17.1
2024-05-08,192033.47,13412655.7,0.9918,17.0
2024-05-09,191868.81,13278842.44,0.9926,16.93
2024-05-10,191744.6,13362531.29,1.4875,36.77
2024-05-13,191880.47,13475178.63,1.4864,36.82
2024-05-14,192330.52,13599505.4,1.4829,36.96
2024-05-15,193776.19,13986422.9,1.9664,53.19
2024-05-16,193793.18,13966901.14,1.9662,53.2
2024-05-17,193792.34,13783509.94,1.9662,53.2
2024-05-20,194474.69,14043500.28,1.9593,53.36
2024-05-21,194824.69,14132695.72,1.9558,53.44
2024-05-22,194472.38,14056563.27,1.9593,53.36
2024-05-23,194955.39,14873247.67,1.9545,53.48
2024-05-24,196044.87,15208289.64,1.9436,53.73
2024-05-28,197396.37,15971400.78,1.9303,54.05
2024-05-29,196975.58,16066526.26,1.9344,53.95
2024-05-30,195335.57,15626020.81,1.9507,53.57
2024-05-31,195217.32,15556669.09,1.4664,33.99
2024-06-03,196212.32,16138366.04,1.459,34.32
2024-06-04,196570.98,16293458.48,1.4563,34.44
2024-06-05,198225.44,16943418.69,1.4442,34.99
2024-06-06,198065.15,16777173.74,1.9443,59.82
2024-06-07,197694.22,16799360.66,1.9479,59.75
2024-06-10,198164.35,16827841.66,1.9433,59.84
2024-06-11,198566.73,16994730.95,1.9394,59.93
2024-06-12,200127.95,17544583.65,1.9242,60.24
2024-06-13,200710.06,18005257.18,1.9186,60.35
2024-06-14,201418.52,18213064.18,1.9119,60.49
2024-06-17,202142.21,18200895.2,1.9051,60.63
2024-06-18,202670.59,18618802.35,1.9001,60.74
2024-06-20,201749.97,18051301.59,1.9088,60.56
2024-06-21,201236.71,17596109.93,1.9136,60.46
2024-06-24,199418.13,16741483.72,1.9311,60.1
2024-06-25,201663.76,17592210.29,1.9096,60.54
2024-06-26,201819.34,17697756.38,1.9081,60.57
2024-06-27,201825.91,17474308.32,1.908,60.57
2024-06-28,201010.43,17352447.64,1.9158,60.41
2024-07-01,201510.08,17543200.84,1.911,60.51
2024-07-02,202229.1,17451631.09,1.9042,60.65
2024-07-03,203607.6,18050024.48,1.9831,62.97
2024-07-05,204560.36,17907392.74,1.9738,63.15
2024-07-08,204874.14,18169318.34,1.9708,63.2
2024-07-09,205408.7,18508312.18,1.9657,63.3
2024-07-10,207103.12,18955909.66,1.9496,63.6
2024-07-11,204091.63,18067288.75,1.9783,63.06
2024-07-12,204866.1,18307199.86,1.9709,63.2
2024-07-15,205231.84,18300767.96,1.9674,63.27
2024-07-16,204959.92,18086855.31,1.97,63.22
2024-07-17,201613.66,17109703.14,2.0027,62.61
2024-07-18,201565.57,17327056.95,1.0583,43.51
2024-07-19,201158.42,17004849.16,0.5841,27.23
2024-07-22,201444.4,17589983.55,0.0927,2.11
2024-07-23,201464.35,17511339.57,0.0927,2.12
2024-07-24,201341.42,16501060.31,0.0927,2.06
2024-07-25,201342.6,16257821.37,0.0,0.0
2024-07-26,201342.6,16347806.18,0.0,0.0
2024-07-29,201342.6,16213641.49,0.0,0.0
2024-07-30,201342.6,15422864.28,0.0,0.0
2024-07-31,201342.6,16846827.8,0.0,0.0
2024-08-01,201342.6,15975937.64,0.0,0.0
2024-08-02,201342.6,15781657.01,0.0,0.0
2024-08-05,201342.6,14861536.18,0.0,0.0
2024-08-06,201342.6,15211318.76,0.0,0.0
2024-08-07,201342.6,14713213.69,0.0,0.0
2024-08-08,201342.6,15412677.38,0.0,0.0
2024-08-09,201342.6,15450175.38,0.0,0.0
2024-08-12,201342.6,15902705.67,0.0,0.0
2024-08-13,201342.6,16708073.73,0.0,0.0
2024-08-14,201342.6,16898910.58,0.0,0.0
2024-08-15,201342.6,17449648.45,0.0,0.0
2024-08-16,201342.6,17655308.01,0.0,0.0
2024-08-19,201342.6,18222797.83,0.0,0.0
2024-08-20,201155.21,17955219.27,0.9915,22.07
2024-08-21,201373.58,18076708.92,0.9904,22.15
2024-08-22,200719.62,17546451.11,0.9937,21.9
2024-08-23,201536.16,18171122.85,0.9896,22.21
2024-08-26,201218.71,17880503.48,0.9912,22.09
2024-08-27,201414.72,18077835.16,0.9902,22.17
2024-08-28,200997.97,17766295.28,0.9923,22.01
2024-08-29,200351.4,17003847.84,0.9955,21.75
2024-08-30,200820.71,17181073.77,0.9932,21.94
2024-09-03,199826.86,15880589.3,0.4985,16.85
2024-09-04,199661.85,15660040.8,0.0,0.0
2024-09-05,199661.85,15792006.93,0.0,0.0
2024-09-06,199661.85,15285891.38,0.0,0.0
2024-09-09,199661.85,15653181.64,0.0,0.0
2024-09-10,199661.85,15807252.69,0.0,0.0
2024-09-11,199661.85,16764906.43,0.0,0.0
2024-09-12,199661.85,17010847.42,0.0,0.0
2024-09-13,199661.85,17014477.82,0.0,0.0
2024-09-16,199661.85,16670422.68,0.0,0.0
2024-09-17,199661.85,16562752.36,0.0,0.0
2024-09-18,199661.85,16406430.81,0.0,0.0
2024-09-19,199661.85,17026016.09,0.0,0.0
2024-09-20,199626.49,16828625.58,0.4996,22.77
2024-09-23,199740.09,16818154.19,0.4993,22.82
2024-09-24,199870.49,17306477.42,0.499,22.87
2024-09-25,199769.69,17554347.7,0.4992,22.83
2024-09-26,199950.49,17635755.1,0.4988,22.9
2024-09-27,199623.9,17375125.43,0.9928,37.04
2024-09-30,199883.66,17479934.68,0.9915,37.13
2024-10-01,198997.54,16908065.17,1.4964,47.12
2024-10-02,198918.32,17102376.01,1.497,47.1
2024-10-03,198814.24,17489502.59,1.4978,47.08
2024-10-04,199705.77,17728676.7,1.4911,47.31
2024-10-07,198490.85,17903646.18,1.5002,46.99
2024-10-08,199693.94,18512113.59,1.9868,52.27
2024-10-09,199909.16,18547074.52,1.9846,52.32
2024-10-10,199986.88,18758489.98,1.9838,52.34
2024-10-11,200448.3,18736642.24,1.9793,52.45
2024-10-14,201525.98,19145493.74,1.9687,52.71
2024-10-15,200346.37,18529944.53,1.9803,52.43
2024-10-16,200827.12,18911917.49,1.9927,53.12
2024-10-17,200672.59,19033007.85,1.9943,53.08
2024-10-18,201193.91,19196283.72,1.9891,53.21
2024-10-21,201692.87,19806529.47,1.9842,53.32
2024-10-22,201817.7,19787783.44,1.9829,53.35
2024-10-23,200330.8,19273315.45,1.9977,53.0
2024-10-24,200716.81,19358444.33,1.9938,53.09
2024-10-25,201275.99,19499860.15,1.9883,53.22
2024-10-28,201533.16,19437314.79,1.9857,53.28
2024-10-29,202302.39,19530629.09,1.9782,53.46
2024-10-30,202362.51,19289690.05,1.9776,53.48
2024-10-31,199796.43,18524379.95,2.003,52.88
2024-11-01,200123.47,18742914.52,0.4976,10.44
2024-11-04,199873.37,18784140.67,0.4982,10.33
2024-11-05,199934.37,19208754.77,0.4981,10.36
2024-11-06,200760.31,19811833.75,0.496,10.73
2024-11-07,201855.55,20250399.64,1.9763,52.05
2024-11-08,201645.98,20105241.88,1.9784,52.0
2024-11-11,201680.61,19823536.36,1.978,52.01
2024-11-12,201953.69,20136160.07,1.9753,52.08
2024-11-13,201404.99,19935224.35,1.9807,51.95
2024-11-14,200593.56,20024503.34,1.9887,51.75
2024-11-15,198560.48,19461424.58,2.0091,51.26
2024-11-18,199080.84,19341832.25,2.0039,51.39
2024-11-19,200428.28,20057869.32,1.9904,51.71
2024-11-20,200055.23,19948065.59,1.9941,51.62
2024-11-21,199424.58,19987483.6,2.0004,51.47
2024-11-22,198886.85,19520367.01,1.5051,41.18
2024-11-25,198485.47,18982029.29,1.0052,34.42
2024-11-26,198846.43,19120078.2,1.0034,34.54
2024-11-27,198512.67,18955063.88,1.5038,50.75
2024-11-29,199342.47,19295481.4,1.4975,50.96
2024-12-02,200041.98,19387156.16,1.4923,51.13
2024-12-03,200572.8,19607464.21,1.4884,51.26
2024-12-04,201234.21,20126332.39,1.4835,51.42
2024-12-05,201089.7,20110999.5,1.4845,51.38
2024-12-06,201404.19,19851511.04,1.4822,51.46
2024-12-09,201503.49,19551243.29,1.4815,51.48
2024-12-10,201418.71,19226056.47,1.4821,51.46
2024-12-11,203228.87,19680782.65,1.9612,62.58
2024-12-12,202627.73,19490472.81,1.967,62.47
2024-12-13,202622.6,19172561.17,1.9671,62.47
2024-12-16,204430.22,19026314.06,1.9497,62.8
2024-12-17,204321.77,18899120.92,1.9507,62.78
2024-12-18,200460.62,18611935.95,1.9883,62.06
2024-12-19,201214.85,18822118.11,0.9893,28.09
2024-12-20,202202.76,19328998.22,0.9844,28.44
2024-12-23,202687.14,19864069.14,0.9821,28.62
2024-12-24,203264.64,19982423.23,0.9793,28.82
2024-12-26,203318.13,19965230.05,0.979,28.84
2024-12-27,202512.5,19591517.12,0.9829,28.55
2024-12-30,201866.85,19569742.19,0.9861,28.32
2024-12-31,201394.23,19202319.71,0.9884,28.16
2025-01-02,200502.78,19494982.58,0.9928,27.84
2025-01-03,200660.92,20128031.3,0.4986,11.18
2025-01-06,201255.28,20685499.88,0.4971,11.45
2025-01-07,200185.83,19679282.1,0.9989,16.68
2025-01-08,199887.46,19679016.76,0.5005,11.35
2025-01-10,199663.99,19134895.16,0.5011,11.25
2025-01-13,199543.48,18814028.11,0.5014,11.2
2025-01-14,199385.53,18639157.39,0.5018,11.13
2025-01-15,200074.66,19207230.09,0.5001,11.44
2025-01-16,199765.78,18752982.16,0.5008,11.3
2025-01-17,200127.31,19222348.69,0.4999,11.46
2025-01-21,200367.16,19420555.63,0.4993,11.56
2025-01-22,200404.6,20081952.0,0.4992,11.58
2025-01-23,200760.33,20093795.06,1.4898,50.65
2025-01-24,200697.43,19617000.23,1.4902,50.64
2025-01-27,197834.67,17236831.14,1.0116,33.16
2025-01-28,198613.81,18479771.64,1.0076,33.42
2025-01-29,198431.55,17960301.39,1.0085,33.36
2025-01-30,199302.93,18048858.89,1.0041,33.65
2025-01-31,199439.64,17566062.89,1.0035,33.7
2025-02-03,198356.86,17063806.3,0.5044,11.87
2025-02-04,198959.41,17375307.31,0.5029,12.14
2025-02-05,197198.56,17940750.05,0.5074,11.35
2025-02-06,197230.15,18348684.9,0.5073,11.37
2025-02-07,196497.73,18338843.58,0.5092,11.04
2025-02-10,196700.03,18727180.69,0.0,0.0
2025-02-11,196700.03,18731664.0,0.0,0.0
2025-02-12,196700.03,18631007.14,0.0,0.0
2025-02-13,196700.03,19150745.1,0.0,0.0
2025-02-14,196778.84,19564961.67,0.4958,16.14
2025-02-18,196850.82,19613798.63,0.4956,16.17
2025-02-19,197031.84,19609803.66,0.9931,43.84
2025-02-20,196669.78,19711977.45,0.995,43.74
2025-02-21,195082.77,19102204.84,1.003,43.28
2025-02-24,194531.32,18702028.3,0.0,0.0
2025-02-25,194531.32,18310554.57,0.0,0.0
2025-02-26,194531.32,18655698.11,0.0,0.0
2025-02-27,194531.32,17443233.06,0.0,0.0
2025-02-28,194531.32,18021605.69,0.0,0.0
2025-03-03,194531.32,16828585.93,0.0,0.0
2025-03-04,194531.32,17001368.45,0.0,0.0
2025-03-05,194531.32,17143921.33,0.0,0.0
2025-03-06,194531.32,16440323.55,0.0,0.0
2025-03-07,194531.32,16730588.86,0.0,0.0
2025-03-10,194531.32,15900615.89,0.0,0.0
2025-03-11,194531.32,15955720.94,0.0,0.0
2025-03-12,194531.32,16613133.15,0.0,0.0
2025-03-13,194531.32,16444932.32,0.0,0.0
2025-03-14,194531.32,17150590.97,0.0,0.0
2025-03-17,194531.32,16939369.42,0.0,0.0
2025-03-18,194531.32,16479426.35,0.0,0.0
2025-03-19,194531.32,16754200.36,0.0,0.0
2025-03-20,194531.32,16831430.4,0.0,0.0
2025-03-21,194531.32,16825986.06,0.0,0.0
2025-03-24,194531.32,17268327.01,0.0,0.0
2025-03-25,194531.32,17261489.17,0.0,0.0
2025-03-26,194531.32,16489436.02,0.0,0.0
2025-03-27,194531.32,16280574.73,0.0,0.0
2025-03-28,194531.32,15956641.74,0.0,0.0
2025-03-31,194531.32,15902031.72,0.0,0.0
2025-04-01,194531.32,16112699.96,0.0,0.0
2025-04-02,194531.32,16154786.59,0.0,0.0
2025-04-03,194531.32,14868671.34,0.0,0.0
2025-04-04,194531.32,13804665.77,0.0,0.0
2025-04-07,194531.32,14026039.57,0.0,0.0
2025-04-08,194531.32,13716419.4,0.0,0.0
2025-04-09,194531.32,16108437.35,0.0,0.0
2025-04-10,194531.32,15233962.49,0.0,0.0
2025-04-11,194531.32,15735489.72,0.0,0.0
2025-04-14,194531.32,15800460.69,0.0,0.0
2025-04-15,194531.32,15934515.36,0.0,0.0
2025-04-16,194531.32,14989784.79,0.0,0.0
2025-04-17,194531.32,14723926.93,0.0,0.0
2025-04-21,194531.32,14168762.7,0.0,0.0
2025-04-22,194531.32,14509692.29,0.0,0.0
2025-04-23,194531.32,15006259.69,0.0,0.0
2025-04-24,194531.32,15475444.57,0.0,0.0
2025-04-25,194531.32,15971567.02,0.0,0.0
2025-04-28,194531.32,15749361.37,0.0,0.0
2025-04-29,194531.32,15798194.91,0.0,0.0
2025-04-30,194531.32,15805489.35,0.0,0.0
2025-05-01,194531.32,16107446.16,0.0,0.0
2025-05-02,194531.32,16276315.75,0.0,0.0
2025-05-05,194531.32,16091487.26,0.0,0.0
2025-05-06,194531.32,16049328.56,0.0,0.0
2025-05-07,194531.32,16322232.5,0.0,0.0
2025-05-08,194531.32,16390338.8,0.0,0.0
2025-05-09,194531.32,16329146.41,0.0,0.0
2025-05-12,194531.32,17228091.9,0.0,0.0
2025-05-13,194531.32,17980082.35,0.0,0.0
2025-05-14,194531.32,18544815.09,0.0,0.0
2025-05-15,194531.32,18472541.17,0.0,0.0
2025-05-16,194531.32,18537751.31,0.0,0.0
2025-05-19,194531.32,18512909.78,0.0,0.0
2025-05-20,194531.32,18346506.56,0.0,0.0
2025-05-21,194531.32,18012234.87,0.0,0.0
2025-05-22,194531.32,18113782.79,0.0,0.0
2025-05-23,194531.32,17836734.47,0.0,0.0
2025-05-27,194531.32,18378186.77,0.0,0.0
2025-05-28,194531.32,18307806.42,0.0,0.0
2025-05-29,194531.32,18744222.03,0.0,0.0
2025-05-30,194531.32,18345919.57,0.0,0.0
2025-06-02,194531.32,18581912.41,0.0,0.0
2025-06-03,194531.32,18991931.49,0.0,0.0
2025-06-04,194531.32,19063305.09,0.0,0.0
2025-06-05,194531.32,18826250.02,0.0,0.0
2025-06-06,194531.32,19085727.55,0.0,0.0
2025-06-09,194531.32,19144625.22,0.0,0.0
2025-06-10,194531.32,19313822.27,0.0,0.0
2025-06-11,194531.32,19123844.82,0.0,0.0
2025-06-12,194531.32,19346667.15,0.0,0.0
2025-06-13,194531.32,18981030.05,0.0,0.0
2025-06-16,194531.32,19305671.82,0.0,0.0
2025-06-17,194531.32,19191733.0,0.0,0.0
2025-06-18,194531.32,19336360.54,0.0,0.0
2025-06-20,194531.32,19220720.5,0.0,0.0
2025-06-23,194531.32,19259837.5,0.0,0.0
2025-06-24,194531.32,19629693.28,0.0,0.0
2025-06-25,194440.51,20320578.86,0.4977,14.75
2025-06-26,194708.69,20397561.78,0.497,14.87
2025-06-27,194807.81,20697965.42,0.4968,14.91
2025-06-30,194922.77,20787989.6,0.9919,24.16
2025-07-01,194146.35,20353605.77,0.9959,23.85
2025-07-02,194794.63,20850831.79,0.9926,24.11
2025-07-03,195447.15,21090263.14,1.4815,45.41
2025-07-07,194793.22,20900899.05,1.4865,45.23
2025-07-08,194986.1,21071615.08,1.485,45.28
2025-07-09,195764.28,21396250.65,1.4791,45.5
2025-07-10,195975.91,21546728.32,1.4775,45.56
2025-07-11,195857.11,21617201.47,1.4784,45.53
2025-07-14,195946.14,21492356.5,1.4777,45.55
2025-07-15,196546.13,22177384.94,1.4732,45.72
2025-07-16,196789.33,22268618.03,1.4714,45.78
2025-07-17,197464.67,22437367.97,1.4664,45.97
2025-07-18,197339.03,22403330.09,1.4673,45.94
2025-07-21,197455.4,22343042.74,1.4664,45.97
2025-07-22,196815.03,21937696.16,1.4712,45.79
2025-07-23,197727.56,22312760.85,1.4644,46.04
2025-07-24,198139.5,22615423.36,1.4614,46.15
2025-07-25,198361.34,22598235.2,1.4597,46.21
2025-07-28,198811.84,22930536.44,1.4564,46.34
2025-07-29,198514.2,22766904.6,1.4586,46.26
2025-07-30,198926.57,23113643.98,1.4556,46.37
2025-07-31,198451.75,22924785.06,1.4591,46.24
2025-08-01,196709.15,22392271.22,1.472,45.76
2025-08-04,197847.15,23078668.61,0.4881,10.28
2025-08-05,197650.53,22890029.31,0.4886,10.19
2025-08-06,197781.61,23200866.5,0.4883,10.25
2025-08-07,197934.16,23460832.04,0.4879,10.32
2025-08-08,198152.25,23845025.53,0.4874,10.42
2025-08-11,198050.71,23738758.29,0.9877,22.67
2025-08-12,198458.15,23908424.82,0.9857,22.83
2025-08-13,197847.95,23808822.1,1.9805,62.81
2025-08-14,197992.26,23846501.61,1.979,62.84
2025-08-15,197673.81,23667888.45,1.9822,62.78
2025-08-18,197778.23,23812562.7,1.9812,62.8
2025-08-19,196114.29,23146223.44,1.998,62.48
2025-08-20,195440.67,23030412.31,1.0111,34.87
2025-08-21,195316.06,22967964.58,1.0117,34.83
2025-08-22,196756.64,23355956.87,1.0043,35.3
2025-08-25,196851.08,23538734.8,1.0038,35.34
2025-08-26,196873.34,23772557.73,1.0037,35.34
2025-08-27,197015.91,23778167.34,1.003,35.39
2025-08-28,197677.28,23687850.26,0.9996,35.61
2025-08-29,197563.92,23071729.51,1.0002,35.57
2025-09-02,197045.34,22673483.76,1.0028,35.4
2025-09-03,199621.28,22891002.35,0.9899,36.23
2025-09-04,200190.94,23030010.66,0.9871,36.41
2025-09-05,200387.92,22566906.16,0.9861,36.48
2025-09-08,200381.47,22664075.13,0.9861,36.47
2025-09-09,201161.36,22874089.54,0.9823,36.72
2025-09-10,201235.42,23407603.37,0.982,36.74
2025-09-11,201754.6,23455997.71,0.9794,36.91
2025-09-12,201845.62,23596614.72,1.4731,58.13
2025-09-15,203761.6,23681773.32,1.4592,58.52
2025-09-16,203607.86,23413142.87,1.4603,58.49
2025-09-17,203267.91,22953671.02,1.4628,58.42
2025-09-18,204171.29,23552689.47,1.4563,58.6
2025-09-19,204890.33,23744185.87,1.4512,58.75
2025-09-22,205050.05,24631104.99,1.45,58.78
2025-09-23,204224.42,24068620.09,1.9535,70.79
2025-09-24,203172.96,23863269.79,1.9636,70.63
2025-09-25,203053.87,24010116.68,1.9647,70.62
2025-09-26,203446.1,24040874.79,1.9609,70.67
2025-09-29,203374.72,24387056.51,1.9616,70.66
2025-09-30,203571.39,24869521.06,1.9597,70.69
2025-10-01,204249.38,24960140.05,1.9909,71.52
2025-10-02,204755.3,25162306.67,1.9859,71.59
2025-10-03,204603.49,25046160.33,1.9874,71.56
2025-10-06,205568.81,24833640.39,1.9781,71.7
2025-10-07,204573.96,24758587.67,1.9877,71.56
2025-10-08,205403.04,25200475.37,1.9797,71.68
2025-10-09,204478.32,25468618.23,1.9886,71.55
2025-10-10,200142.66,24322355.48,1.524,59.05
2025-10-13,201716.41,24927725.56,0.0381,0.75
2025-10-14,201650.09,24088865.72,0.0381,0.71
2025-10-15,201686.03,24120917.93,0.0,0.0
2025-10-16,201686.03,24288811.31,0.0,0.0
2025-10-17,201686.03,24527845.92,0.0,0.0
2025-10-20,201686.03,24662706.17,0.0,0.0
2025-10-21,201733.25,24497356.61,0.4949,12.37
2025-10-22,201322.85,24332627.88,0.4959,12.2
2025-10-23,201430.2,24552689.12,0.4957,12.24
2025-10-24,201738.0,25058508.64,0.4949,12.38
2025-10-27,202307.05,25740581.93,0.4935,12.62
2025-10-28,202153.54,26710587.47,1.984,59.0
2025-10-29,202903.83,27364169.62,1.9767,59.15
2025-10-30,202602.6,26992926.63,2.0008,59.5
2025-10-31,202772.03,26934744.09,1.9991,59.53
2025-11-03,203080.47,27369915.67,1.9961,59.59
2025-11-04,201542.19,26521639.42,2.0113,59.28
2025-11-05,202380.26,26198331.88,2.003,59.45
2025-11-06,201230.18,25460731.16,0.9938,23.07
2025-11-07,200674.52,25420642.44,0.9966,22.85
2025-11-10,201588.43,26600050.38,0.9921,23.2
2025-11-11,202229.66,26107741.36,0.9889,23.45
2025-11-12,201724.76,26123061.03,0.9914,23.25
2025-11-13,201081.14,25367099.52,0.9946,23.01
2025-11-14,200872.16,25686137.4,0.9956,22.93
2025-11-17,201030.44,25265454.37,0.9948,22.99
2025-11-18,200974.52,24724198.44,0.9951,22.97
2025-11-19,201703.61,25305066.08,0.9915,23.25
2025-11-20,201238.88,24643597.86,0.9938,23.07
2025-11-21,202482.01,24600754.24,0.9877,23.54
2025-11-24,204284.02,25136532.63,0.979,24.22
2025-11-25,204738.55,24695784.4,0.9768,24.38
2025-11-26,204538.88,24944131.99,0.9778,24.31
2025-11-28,204679.17,24639376.48,0.9771,24.36
2025-12-01,204696.75,24989358.61,0.977,24.37
2025-12-02,205057.46,25207066.17,0.9753,24.5
2025-12-03,205142.52,24996856.36,0.9749,24.53
2025-12-04,204668.04,25313420.74,0.9771,24.36
2025-12-05,204752.09,25196608.3,0.9767,24.39
2025-12-08,203698.9,25469735.21,1.9726,58.44
2025-12-09,203876.75,25411675.94,1.9709,58.47
2025-12-10,204646.8,25333259.92,1.9635,58.63
2025-12-11,204010.23,24998475.65,1.9696,58.5
2025-12-12,202810.0,24381706.94,1.9813,58.25
2025-12-15,202132.26,24431224.72,1.9879,58.11
2025-12-16,201800.87,24579418.97,1.4914,44.2
2025-12-17,200818.71,23794506.09,0.9959,23.65
2025-12-18,201183.93,24154277.65,0.4963,12.85
2025-12-19,201324.53,24900905.39,0.4959,12.91
2025-12-22,201068.03,25140062.11,0.4965,12.8
2025-12-23,201200.08,25746498.5,0.4962,12.86
2025-12-24,201373.52,25711387.78,0.9941,21.53
2025-12-26,201414.21,25897233.36,1.4872,45.93
2025-12-29,201061.23,25666749.04,1.4899,45.84
2025-12-30,200874.42,25585777.76,1.4912,45.79
2025-12-31,200301.45,25451546.66,1.4955,45.63
2026-01-02,200525.66,25683773.4,1.4938,45.69
2026-01-05,200425.29,25551813.36,1.4946,45.67
2026-01-06,200169.23,25370290.25,1.4965,45.6
2026-01-07,200225.25,25554751.48,0.9974,33.14
2026-01-08,199845.83,25129505.68,0.9993,33.01
2026-01-09,200153.03,25133252.89,0.9978,33.12
2026-01-12,200237.78,25170383.88,0.9974,33.15
2026-01-13,200247.07,25288591.93,1.493,42.2
2026-01-14,199752.3,24993080.66,1.4967,42.05
2026-01-15,200080.26,25349454.27,1.4942,42.15
2026-01-16,199813.52,25207246.89,1.4962,42.07
2026-01-20,197517.07,24179890.29,1.0105,17.1
2026-01-21,197927.05,24761668.66,0.5015,8.96
2026-01-22,198043.69,24940142.05,0.5012,9.01
2026-01-23,197902.75,25213440.62,0.5015,8.95
2026-01-26,198190.57,25244708.78,0.5008,9.08
2026-01-27,198260.23,25512387.25,0.5006,9.11
2026-01-28,198214.69,25792149.57,0.9943,24.81
2026-01-29,198149.94,25932156.01,0.9946,24.78
2026-01-30,197766.0,25807777.21,0.9966,24.64
2026-02-02,198282.49,25457454.07,0.994,24.83
2026-02-03,197484.23,24890147.92,0.5026,9.29
2026-02-04,197124.06,24355939.74,0.5035,9.12
2026-02-05,195789.88,24097664.67,0.4967,9.86
2026-02-06,195944.58,25489345.31,0.4964,9.94
2026-02-09,195699.58,25907328.39,0.497,9.82
2026-02-10,195633.78,25713644.29,0.4971,9.79
2026-02-11,195761.18,25870303.63,0.4968,9.85
2026-02-12,194954.69,25294267.57,0.0,0.0
2026-02-13,194954.69,24756413.81,0.0,0.0
2026-02-17,194954.69,25104883.1,0.0,0.0
2026-02-18,194954.69,25427571.23,0.0,0.0
2026-02-19,194954.69,25349345.15,0.0,0.0
2026-02-20,194954.69,25666901.85,0.0,0.0
2026-02-23,194954.69,25852620.11,0.0,0.0
2026-02-24,194954.69,26092175.74,0.0,0.0
2026-02-25,194954.69,26418297.24,0.0,0.0
2026-02-26,194064.91,25283470.95,0.5009,8.77
2026-02-27,193705.02,24360290.14,0.0,0.0
2026-03-02,193705.02,24888078.73,0.0,0.0
2026-03-03,193705.02,24607692.58,0.0,0.0
2026-03-04,193705.02,24893917.57,0.0,0.0
2026-03-05,193705.02,24874552.26,0.0,0.0
2026-03-06,193705.02,24247213.34,0.0,0.0
2026-03-09,193705.02,24817585.05,0.0,0.0
2026-03-10,193705.02,25052678.25,0.0,0.0
2026-03-11,193705.02,25186931.1,0.0,0.0
2026-03-12,193705.02,24776124.37,0.0,0.0
2026-03-13,193705.02,24374743.45,0.0,0.0
2026-03-16,193705.02,24742238.26,0.0,0.0
2026-03-17,193705.02,24658799.69,0.0,0.0
2026-03-18,193705.02,24408608.68,0.0,0.0
2026-03-19,193705.02,24200558.67,0.0,0.0
2026-03-20,193705.02,23555371.12,0.0,0.0
2026-03-23,193705.02,23924863.98,0.0,0.0
2026-03-24,193705.02,23834520.41,0.0,0.0
2026-03-25,193705.02,24210542.05,0.0,0.0
2026-03-26,193705.02,23409550.48,0.0,0.0
2026-03-27,193705.02,22925099.64,0.0,0.0
2026-03-30,193705.02,22641670.89,0.0,0.0
2026-03-31,193705.02,23775872.31,0.0,0.0
2026-04-01,193705.02,23989019.28,0.0,0.0
2026-04-02,193705.02,24155122.4,0.0,0.0
2026-04-06,193705.02,24251529.96,0.0,0.0
2026-04-07,193705.02,24225157.71,0.0,0.0
2026-04-08,193705.02,24784217.46,0.0,0.0
2026-04-09,193827.17,25005951.31,0.4917,9.53
2026-04-10,193754.67,25481624.5,0.4919,9.5
2026-04-13,194319.52,25548533.92,0.9877,24.52
2026-04-14,195771.66,26327609.66,1.4696,40.56
2026-04-15,196851.69,26724270.34,1.9573,49.79
2026-04-16,196938.77,26615228.94,1.9939,50.62
2026-04-17,198371.38,27102992.84,1.9795,50.98
2026-04-20,198015.74,27173498.94,1.9831,50.89
2026-04-21,197163.13,26807624.18,1.9917,50.68
2026-04-22,198666.43,27232524.43,1.9766,51.05
2026-04-23,198093.64,26942008.41,1.9823,50.91
2026-04-24,199994.25,27807385.33,1.9635,51.38
2026-04-27,201130.89,28618988.03,1.9524,51.65
2026-04-28,200343.78,28317550.57,1.96,51.46
2026-04-29,200185.04,27911660.95,1.9616,51.42
2026-04-30,201953.98,27089040.8,1.9444,51.85
2026-05-01,202347.5,27137680.95,1.9406,51.94
2026-05-04,202012.94,27071457.12,1.9438,51.86
2026-05-05,202845.01,27025799.21,1.9359,52.06
2026-05-06,205538.9,28284639.41,1.9105,52.69
2026-05-07,205724.2,28655945.72,1.9088,52.73
2026-05-08,207283.14,29156921.0,1.8944,53.09
2026-05-11,207122.13,29530528.52,1.8959,53.05
2026-05-12,206845.66,29696095.56,1.8984,52.99
2026-05-13,208738.0,30346786.92,1.8812,53.41
2026-05-14,210022.73,31341194.46,1.8697,53.7
2026-05-15,207952.23,30292473.08,1.8883,53.24
2026-05-18,207513.94,29943835.22,1.8923,53.14
2026-05-19,206409.36,29750178.05,1.9024,52.89
2026-05-20,207633.1,30111378.11,1.8912,53.17
2026-05-21,207353.2,29752816.48,1.8938,53.1
2026-05-22,207003.03,29378678.04,1.897,53.02
2026-05-26,208117.62,29352743.46,1.8868,53.28
2026-05-27,207883.97,29166674.55,1.8889,53.22
2026-05-28,208587.38,29372916.4,1.8826,53.38
2026-05-29,207950.17,29011500.19,1.8883,53.24
2026-06-01,209136.79,30242227.05,1.4219,43.08
2026-06-02,209259.13,30187461.89,1.4211,43.11
2026-06-03,208185.09,29265518.02,1.4284,42.82
2026-06-04,208495.1,29731341.3,1.4263,42.9
2026-06-05,204734.31,28246671.59,1.4525,41.85
2026-06-08,205745.72,28489609.92,0.5013,16.69
2026-06-09,205639.98,28248538.47,0.4657,15.77
2026-06-10,205128.7,27435766.66,0.4668,15.56
2026-06-11,205671.22,27979756.22,0.4656,15.78
